job_description,job_category,required_skills
"Looking for a Full Stack Developer to build responsive websites. The ideal candidate has knowledge of REST API, JavaScript, HTML, MongoDB, CSS, React, Node.js, Git.",Web Development,"REST API, JavaScript, HTML, MongoDB, CSS, React, Node.js, Git"
"Information Security Analyst required to respond to security incidents. Candidates should have experience with Linux, Python, Cryptography, Network Security, SIEM.",Cyber Security,"Linux, Python, Cryptography, Network Security, SIEM"
"SQL Developer required to perform backups. Candidates should have experience with SQL, PostgreSQL, Performance Tuning, Database Design, Backup and Recovery.",Database Administration,"SQL, PostgreSQL, Performance Tuning, Database Design, Backup and Recovery"
"Looking for a Data Scientist to build predictive models. The ideal candidate has knowledge of Data Visualization, NumPy, Python, Pandas, Statistics, SQL, Machine Learning, Scikit-learn.",Data Science,"Data Visualization, NumPy, Python, Pandas, Statistics, SQL, Machine Learning, Scikit-learn"
"We are hiring a Web Development Intern who can integrate REST APIs. Required skills include MongoDB, HTML, Git, REST API, CSS, React, JavaScript.",Web Development,"MongoDB, HTML, Git, REST API, CSS, React, JavaScript"
"Machine Learning Engineer required to train machine learning models. Candidates should have experience with Python, Scikit-learn, Machine Learning, Pandas, NumPy, Deep Learning.",Machine Learning,"Python, Scikit-learn, Machine Learning, Pandas, NumPy, Deep Learning"
"The role of Data Science Intern involves perform statistical analysis. Applicants should be familiar with SQL, Scikit-learn, Machine Learning, Statistics, NumPy, Data Visualization.",Data Science,"SQL, Scikit-learn, Machine Learning, Statistics, NumPy, Data Visualization"
"Join our team as a Cyber Security Intern. You will identify vulnerabilities and work with technologies such as SIEM, Linux, Vulnerability Assessment, Firewalls, Ethical Hacking, Network Security, Python, Cryptography.",Cyber Security,"SIEM, Linux, Vulnerability Assessment, Firewalls, Ethical Hacking, Network Security, Python, Cryptography"
"Junior Data Scientist required to analyze datasets. Candidates should have experience with Statistics, Python, Machine Learning, Pandas, Scikit-learn, SQL.",Data Science,"Statistics, Python, Machine Learning, Pandas, Scikit-learn, SQL"
"We are hiring a Cloud Computing Intern who can automate deployment pipelines. Required skills include Networking, AWS, Azure, Docker, Kubernetes, CI/CD, Git, Linux.",Cloud Computing,"Networking, AWS, Azure, Docker, Kubernetes, CI/CD, Git, Linux"
"The role of Data Scientist involves analyze datasets. Applicants should be familiar with Data Visualization, Pandas, Machine Learning, Scikit-learn, Python, Statistics.",Data Science,"Data Visualization, Pandas, Machine Learning, Scikit-learn, Python, Statistics"
"Join our team as a Full Stack Developer. You will maintain web applications and work with technologies such as Git, Node.js, CSS, HTML, MongoDB.",Web Development,"Git, Node.js, CSS, HTML, MongoDB"
"Frontend Developer required to integrate REST APIs. Candidates should have experience with REST API, React, JavaScript, Node.js, MongoDB, Git.",Web Development,"REST API, React, JavaScript, Node.js, MongoDB, Git"
"Join our team as a Database Intern. You will monitor database performance and work with technologies such as Performance Tuning, Linux, Backup and Recovery, MySQL, PostgreSQL.",Database Administration,"Performance Tuning, Linux, Backup and Recovery, MySQL, PostgreSQL"
"Join our team as a Cloud Developer. You will deploy applications and work with technologies such as Git, Networking, AWS, CI/CD, Kubernetes, Azure.",Cloud Computing,"Git, Networking, AWS, CI/CD, Kubernetes, Azure"
"Machine Learning Intern required to develop AI solutions. Candidates should have experience with Scikit-learn, TensorFlow, Statistics, Pandas, Python.",Machine Learning,"Scikit-learn, TensorFlow, Statistics, Pandas, Python"
"Looking for a Data Scientist to perform statistical analysis. The ideal candidate has knowledge of Scikit-learn, NumPy, Pandas, SQL, Statistics, Machine Learning.",Data Science,"Scikit-learn, NumPy, Pandas, SQL, Statistics, Machine Learning"
"Looking for a ML Engineer to evaluate predictive algorithms. The ideal candidate has knowledge of Python, Deep Learning, TensorFlow, Machine Learning, NumPy.",Machine Learning,"Python, Deep Learning, TensorFlow, Machine Learning, NumPy"
"Looking for a Frontend Developer to develop web applications. The ideal candidate has knowledge of HTML, JavaScript, React, Node.js, Git.",Web Development,"HTML, JavaScript, React, Node.js, Git"
"Data Science Intern required to analyze datasets. Candidates should have experience with Machine Learning, Data Visualization, Pandas, NumPy, SQL, Statistics.",Data Science,"Machine Learning, Data Visualization, Pandas, NumPy, SQL, Statistics"
"Join our team as a Junior Data Scientist. You will create dashboards and work with technologies such as SQL, Scikit-learn, Statistics, Machine Learning, Data Visualization.",Data Science,"SQL, Scikit-learn, Statistics, Machine Learning, Data Visualization"
"Join our team as a Database Engineer. You will perform backups and work with technologies such as PostgreSQL, Oracle, Database Design, Linux, Backup and Recovery, MySQL, Performance Tuning, SQL.",Database Administration,"PostgreSQL, Oracle, Database Design, Linux, Backup and Recovery, MySQL, Performance Tuning, SQL"
"We are hiring a Database Engineer who can monitor database performance. Required skills include Database Design, MySQL, Linux, SQL, Backup and Recovery, Performance Tuning, PostgreSQL, Oracle.",Database Administration,"Database Design, MySQL, Linux, SQL, Backup and Recovery, Performance Tuning, PostgreSQL, Oracle"
"We are hiring a Database Engineer who can monitor database performance. Required skills include Performance Tuning, MySQL, Database Design, SQL, PostgreSQL, Backup and Recovery.",Database Administration,"Performance Tuning, MySQL, Database Design, SQL, PostgreSQL, Backup and Recovery"
"Looking for a Cloud Engineer to monitor cloud services. The ideal candidate has knowledge of CI/CD, Linux, Kubernetes, Azure, Docker, Git, AWS.",Cloud Computing,"CI/CD, Linux, Kubernetes, Azure, Docker, Git, AWS"
"Join our team as a SQL Developer. You will perform backups and work with technologies such as Linux, Oracle, SQL, Database Design, Performance Tuning, PostgreSQL.",Database Administration,"Linux, Oracle, SQL, Database Design, Performance Tuning, PostgreSQL"
"Looking for a Junior Data Scientist to analyze datasets. The ideal candidate has knowledge of Machine Learning, SQL, Statistics, Scikit-learn, NumPy.",Data Science,"Machine Learning, SQL, Statistics, Scikit-learn, NumPy"
"Looking for a Frontend Developer to create user interfaces. The ideal candidate has knowledge of Git, REST API, CSS, HTML, Node.js, JavaScript.",Web Development,"Git, REST API, CSS, HTML, Node.js, JavaScript"
"Looking for a SQL Developer to manage databases. The ideal candidate has knowledge of Linux, SQL, PostgreSQL, Backup and Recovery, MySQL, Performance Tuning, Database Design, Oracle.",Database Administration,"Linux, SQL, PostgreSQL, Backup and Recovery, MySQL, Performance Tuning, Database Design, Oracle"
"Information Security Analyst required to respond to security incidents. Candidates should have experience with Cryptography, Linux, SIEM, Firewalls, Vulnerability Assessment.",Cyber Security,"Cryptography, Linux, SIEM, Firewalls, Vulnerability Assessment"
"Looking for a SQL Developer to optimize queries. The ideal candidate has knowledge of PostgreSQL, Database Design, Backup and Recovery, MySQL, Oracle.",Database Administration,"PostgreSQL, Database Design, Backup and Recovery, MySQL, Oracle"
"The role of Web Development Intern involves integrate REST APIs. Applicants should be familiar with Git, REST API, HTML, JavaScript, Node.js, MongoDB, CSS.",Web Development,"Git, REST API, HTML, JavaScript, Node.js, MongoDB, CSS"
"Data Science Intern required to create dashboards. Candidates should have experience with Data Visualization, Machine Learning, Scikit-learn, SQL, NumPy, Python.",Data Science,"Data Visualization, Machine Learning, Scikit-learn, SQL, NumPy, Python"
"Looking for a ML Engineer to develop AI solutions. The ideal candidate has knowledge of Machine Learning, Deep Learning, Scikit-learn, Python, TensorFlow, Statistics, NumPy, Pandas.",Machine Learning,"Machine Learning, Deep Learning, Scikit-learn, Python, TensorFlow, Statistics, NumPy, Pandas"
"Join our team as a Web Development Intern. You will create user interfaces and work with technologies such as Git, MongoDB, HTML, React, JavaScript, Node.js, REST API.",Web Development,"Git, MongoDB, HTML, React, JavaScript, Node.js, REST API"
"Information Security Analyst required to identify vulnerabilities. Candidates should have experience with Network Security, SIEM, Linux, Ethical Hacking, Cryptography, Vulnerability Assessment, Python.",Cyber Security,"Network Security, SIEM, Linux, Ethical Hacking, Cryptography, Vulnerability Assessment, Python"
"Looking for a Web Development Intern to build responsive websites. The ideal candidate has knowledge of Git, HTML, React, REST API, MongoDB, Node.js.",Web Development,"Git, HTML, React, REST API, MongoDB, Node.js"
"Database Engineer required to monitor database performance. Candidates should have experience with MySQL, Linux, SQL, PostgreSQL, Database Design, Performance Tuning, Oracle, Backup and Recovery.",Database Administration,"MySQL, Linux, SQL, PostgreSQL, Database Design, Performance Tuning, Oracle, Backup and Recovery"
"We are hiring a Cyber Security Intern who can identify vulnerabilities. Required skills include Cryptography, Network Security, Linux, Ethical Hacking, Vulnerability Assessment.",Cyber Security,"Cryptography, Network Security, Linux, Ethical Hacking, Vulnerability Assessment"
"Join our team as a AI Engineer. You will optimize model performance and work with technologies such as Scikit-learn, Deep Learning, NumPy, Python, Pandas, Statistics.",Machine Learning,"Scikit-learn, Deep Learning, NumPy, Python, Pandas, Statistics"
"We are hiring a DevOps Engineer who can configure scalable systems. Required skills include Docker, Networking, AWS, Kubernetes, Azure, CI/CD.",Cloud Computing,"Docker, Networking, AWS, Kubernetes, Azure, CI/CD"
"Junior Data Scientist required to clean and preprocess data. Candidates should have experience with Pandas, Machine Learning, Data Visualization, Statistics, NumPy.",Data Science,"Pandas, Machine Learning, Data Visualization, Statistics, NumPy"
"We are hiring a Database Engineer who can monitor database performance. Required skills include MySQL, SQL, Backup and Recovery, Performance Tuning, Oracle, Linux.",Database Administration,"MySQL, SQL, Backup and Recovery, Performance Tuning, Oracle, Linux"
"The role of Database Administrator involves manage databases. Applicants should be familiar with Performance Tuning, Backup and Recovery, SQL, Linux, Oracle.",Database Administration,"Performance Tuning, Backup and Recovery, SQL, Linux, Oracle"
"Looking for a ML Data Analyst to create dashboards. The ideal candidate has knowledge of Data Visualization, Pandas, SQL, Python, Statistics, Scikit-learn, Machine Learning, NumPy.",Data Science,"Data Visualization, Pandas, SQL, Python, Statistics, Scikit-learn, Machine Learning, NumPy"
"Join our team as a Full Stack Developer. You will maintain web applications and work with technologies such as JavaScript, MongoDB, Git, REST API, Node.js, CSS, HTML.",Web Development,"JavaScript, MongoDB, Git, REST API, Node.js, CSS, HTML"
"We are hiring a Cyber Security Intern who can identify vulnerabilities. Required skills include Vulnerability Assessment, SIEM, Firewalls, Ethical Hacking, Network Security, Linux, Python.",Cyber Security,"Vulnerability Assessment, SIEM, Firewalls, Ethical Hacking, Network Security, Linux, Python"
"Looking for a Full Stack Developer to integrate REST APIs. The ideal candidate has knowledge of JavaScript, REST API, Node.js, MongoDB, Git, HTML.",Web Development,"JavaScript, REST API, Node.js, MongoDB, Git, HTML"
"The role of Data Science Intern involves create dashboards. Applicants should be familiar with Statistics, Pandas, Scikit-learn, Machine Learning, NumPy, SQL.",Data Science,"Statistics, Pandas, Scikit-learn, Machine Learning, NumPy, SQL"
"Looking for a Security Engineer to identify vulnerabilities. The ideal candidate has knowledge of Cryptography, SIEM, Ethical Hacking, Network Security, Firewalls.",Cyber Security,"Cryptography, SIEM, Ethical Hacking, Network Security, Firewalls"
"Machine Learning Engineer required to evaluate predictive algorithms. Candidates should have experience with NumPy, Python, Deep Learning, Pandas, Scikit-learn, Statistics, TensorFlow.",Machine Learning,"NumPy, Python, Deep Learning, Pandas, Scikit-learn, Statistics, TensorFlow"
"The role of AI Engineer involves prepare datasets. Applicants should be familiar with Pandas, Machine Learning, Scikit-learn, NumPy, TensorFlow, Deep Learning.",Machine Learning,"Pandas, Machine Learning, Scikit-learn, NumPy, TensorFlow, Deep Learning"
"Web Developer required to maintain web applications. Candidates should have experience with Git, Node.js, JavaScript, MongoDB, HTML, REST API, CSS, React.",Web Development,"Git, Node.js, JavaScript, MongoDB, HTML, REST API, CSS, React"
"Join our team as a Database Administrator. You will optimize queries and work with technologies such as Database Design, MySQL, SQL, Backup and Recovery, Performance Tuning, Linux.",Database Administration,"Database Design, MySQL, SQL, Backup and Recovery, Performance Tuning, Linux"
"Looking for a SQL Developer to perform backups. The ideal candidate has knowledge of SQL, PostgreSQL, Database Design, Performance Tuning, Oracle, MySQL, Linux.",Database Administration,"SQL, PostgreSQL, Database Design, Performance Tuning, Oracle, MySQL, Linux"
"Join our team as a Cloud Engineer. You will deploy applications and work with technologies such as Git, Azure, Docker, AWS, Networking, Linux, CI/CD.",Cloud Computing,"Git, Azure, Docker, AWS, Networking, Linux, CI/CD"
"Looking for a AI Engineer to train machine learning models. The ideal candidate has knowledge of NumPy, Scikit-learn, Pandas, Statistics, Deep Learning.",Machine Learning,"NumPy, Scikit-learn, Pandas, Statistics, Deep Learning"
"The role of Full Stack Developer involves create user interfaces. Applicants should be familiar with Node.js, JavaScript, HTML, Git, REST API, React.",Web Development,"Node.js, JavaScript, HTML, Git, REST API, React"
"Frontend Developer required to integrate REST APIs. Candidates should have experience with MongoDB, REST API, Node.js, Git, React, JavaScript, CSS, HTML.",Web Development,"MongoDB, REST API, Node.js, Git, React, JavaScript, CSS, HTML"
"The role of Web Development Intern involves maintain web applications. Applicants should be familiar with MongoDB, REST API, Git, HTML, CSS, JavaScript, Node.js, React.",Web Development,"MongoDB, REST API, Git, HTML, CSS, JavaScript, Node.js, React"
"The role of Junior Data Scientist involves analyze datasets. Applicants should be familiar with NumPy, Pandas, Statistics, Machine Learning, Python.",Data Science,"NumPy, Pandas, Statistics, Machine Learning, Python"
"We are hiring a Frontend Developer who can create user interfaces. Required skills include JavaScript, REST API, CSS, React, HTML, Node.js.",Web Development,"JavaScript, REST API, CSS, React, HTML, Node.js"
"Join our team as a DevOps Engineer. You will deploy applications and work with technologies such as Linux, Docker, Azure, Git, Kubernetes, CI/CD, Networking.",Cloud Computing,"Linux, Docker, Azure, Git, Kubernetes, CI/CD, Networking"
"We are hiring a Database Intern who can design database schemas. Required skills include SQL, PostgreSQL, Performance Tuning, Oracle, MySQL, Linux.",Database Administration,"SQL, PostgreSQL, Performance Tuning, Oracle, MySQL, Linux"
"Join our team as a Database Administrator. You will optimize queries and work with technologies such as Oracle, MySQL, Database Design, Performance Tuning, Backup and Recovery, Linux, PostgreSQL, SQL.",Database Administration,"Oracle, MySQL, Database Design, Performance Tuning, Backup and Recovery, Linux, PostgreSQL, SQL"
"Join our team as a ML Data Analyst. You will analyze datasets and work with technologies such as Machine Learning, Python, Pandas, NumPy, Scikit-learn, SQL, Statistics.",Data Science,"Machine Learning, Python, Pandas, NumPy, Scikit-learn, SQL, Statistics"
"The role of Database Intern involves manage databases. Applicants should be familiar with PostgreSQL, Database Design, SQL, Performance Tuning, Linux, Oracle, Backup and Recovery, MySQL.",Database Administration,"PostgreSQL, Database Design, SQL, Performance Tuning, Linux, Oracle, Backup and Recovery, MySQL"
"Join our team as a Database Administrator. You will optimize queries and work with technologies such as SQL, Performance Tuning, Database Design, Oracle, PostgreSQL, Linux, MySQL.",Database Administration,"SQL, Performance Tuning, Database Design, Oracle, PostgreSQL, Linux, MySQL"
"ML Data Analyst required to perform statistical analysis. Candidates should have experience with Pandas, Data Visualization, Scikit-learn, Machine Learning, Python.",Data Science,"Pandas, Data Visualization, Scikit-learn, Machine Learning, Python"
"Cloud Computing Intern required to automate deployment pipelines. Candidates should have experience with Azure, AWS, CI/CD, Networking, Linux, Git.",Cloud Computing,"Azure, AWS, CI/CD, Networking, Linux, Git"
"Join our team as a DevOps Engineer. You will manage cloud infrastructure and work with technologies such as CI/CD, AWS, Kubernetes, Docker, Linux.",Cloud Computing,"CI/CD, AWS, Kubernetes, Docker, Linux"
"We are hiring a Data Science Intern who can clean and preprocess data. Required skills include Machine Learning, Python, Pandas, Statistics, SQL, Scikit-learn.",Data Science,"Machine Learning, Python, Pandas, Statistics, SQL, Scikit-learn"
"Cyber Security Analyst required to secure networks. Candidates should have experience with Ethical Hacking, Network Security, Linux, Cryptography, SIEM, Python, Firewalls.",Cyber Security,"Ethical Hacking, Network Security, Linux, Cryptography, SIEM, Python, Firewalls"
"Looking for a DevOps Engineer to monitor cloud services. The ideal candidate has knowledge of Networking, Git, Linux, CI/CD, Docker, Azure, AWS.",Cloud Computing,"Networking, Git, Linux, CI/CD, Docker, Azure, AWS"
"Join our team as a Information Security Analyst. You will respond to security incidents and work with technologies such as SIEM, Vulnerability Assessment, Cryptography, Linux, Network Security.",Cyber Security,"SIEM, Vulnerability Assessment, Cryptography, Linux, Network Security"
"The role of Database Administrator involves design database schemas. Applicants should be familiar with Performance Tuning, Oracle, MySQL, Backup and Recovery, Database Design, SQL, PostgreSQL, Linux.",Database Administration,"Performance Tuning, Oracle, MySQL, Backup and Recovery, Database Design, SQL, PostgreSQL, Linux"
"Cloud Computing Intern required to automate deployment pipelines. Candidates should have experience with CI/CD, AWS, Linux, Docker, Azure, Kubernetes, Git.",Cloud Computing,"CI/CD, AWS, Linux, Docker, Azure, Kubernetes, Git"
"We are hiring a Machine Learning Engineer who can train machine learning models. Required skills include NumPy, Scikit-learn, Deep Learning, Machine Learning, TensorFlow.",Machine Learning,"NumPy, Scikit-learn, Deep Learning, Machine Learning, TensorFlow"
"Join our team as a Database Administrator. You will optimize queries and work with technologies such as Performance Tuning, Linux, Oracle, SQL, PostgreSQL, Backup and Recovery, MySQL.",Database Administration,"Performance Tuning, Linux, Oracle, SQL, PostgreSQL, Backup and Recovery, MySQL"
"Looking for a Cyber Security Analyst to secure networks. The ideal candidate has knowledge of Vulnerability Assessment, Python, Network Security, Linux, Ethical Hacking, Firewalls.",Cyber Security,"Vulnerability Assessment, Python, Network Security, Linux, Ethical Hacking, Firewalls"
"Machine Learning Intern required to train machine learning models. Candidates should have experience with NumPy, Deep Learning, Scikit-learn, Statistics, Machine Learning, Python, Pandas.",Machine Learning,"NumPy, Deep Learning, Scikit-learn, Statistics, Machine Learning, Python, Pandas"
"Looking for a Cyber Security Intern to secure networks. The ideal candidate has knowledge of Firewalls, Ethical Hacking, Linux, Network Security, Python, Cryptography, SIEM.",Cyber Security,"Firewalls, Ethical Hacking, Linux, Network Security, Python, Cryptography, SIEM"
"Join our team as a SQL Developer. You will perform backups and work with technologies such as SQL, MySQL, Oracle, Backup and Recovery, Database Design.",Database Administration,"SQL, MySQL, Oracle, Backup and Recovery, Database Design"
"The role of Cloud Engineer involves configure scalable systems. Applicants should be familiar with Linux, Docker, Git, CI/CD, Azure, AWS, Networking.",Cloud Computing,"Linux, Docker, Git, CI/CD, Azure, AWS, Networking"
"Looking for a Junior Data Scientist to perform statistical analysis. The ideal candidate has knowledge of Pandas, Statistics, Python, SQL, Machine Learning, Scikit-learn, NumPy, Data Visualization.",Data Science,"Pandas, Statistics, Python, SQL, Machine Learning, Scikit-learn, NumPy, Data Visualization"
"Join our team as a ML Data Analyst. You will clean and preprocess data and work with technologies such as SQL, Data Visualization, NumPy, Scikit-learn, Python.",Data Science,"SQL, Data Visualization, NumPy, Scikit-learn, Python"
"Frontend Developer required to create user interfaces. Candidates should have experience with React, REST API, CSS, Node.js, MongoDB, HTML, Git.",Web Development,"React, REST API, CSS, Node.js, MongoDB, HTML, Git"
"The role of Machine Learning Intern involves optimize model performance. Applicants should be familiar with Scikit-learn, Deep Learning, Python, Machine Learning, Pandas, NumPy.",Machine Learning,"Scikit-learn, Deep Learning, Python, Machine Learning, Pandas, NumPy"
"The role of Cloud Computing Intern involves monitor cloud services. Applicants should be familiar with Networking, CI/CD, AWS, Azure, Kubernetes, Docker.",Cloud Computing,"Networking, CI/CD, AWS, Azure, Kubernetes, Docker"
"The role of Machine Learning Intern involves optimize model performance. Applicants should be familiar with Scikit-learn, NumPy, Deep Learning, Statistics, Machine Learning, TensorFlow, Pandas.",Machine Learning,"Scikit-learn, NumPy, Deep Learning, Statistics, Machine Learning, TensorFlow, Pandas"
"Join our team as a AI Engineer. You will train machine learning models and work with technologies such as Deep Learning, Python, Statistics, TensorFlow, Pandas.",Machine Learning,"Deep Learning, Python, Statistics, TensorFlow, Pandas"
"We are hiring a Database Engineer who can manage databases. Required skills include Linux, PostgreSQL, Performance Tuning, Oracle, Backup and Recovery.",Database Administration,"Linux, PostgreSQL, Performance Tuning, Oracle, Backup and Recovery"
"The role of ML Data Analyst involves perform statistical analysis. Applicants should be familiar with NumPy, Data Visualization, Python, Machine Learning, Scikit-learn.",Data Science,"NumPy, Data Visualization, Python, Machine Learning, Scikit-learn"
"Cloud Developer required to automate deployment pipelines. Candidates should have experience with Networking, Linux, Docker, AWS, Kubernetes, Git, CI/CD, Azure.",Cloud Computing,"Networking, Linux, Docker, AWS, Kubernetes, Git, CI/CD, Azure"
"The role of AI Engineer involves prepare datasets. Applicants should be familiar with NumPy, Deep Learning, Machine Learning, Statistics, Pandas.",Machine Learning,"NumPy, Deep Learning, Machine Learning, Statistics, Pandas"
"The role of Machine Learning Intern involves evaluate predictive algorithms. Applicants should be familiar with NumPy, Machine Learning, Scikit-learn, Pandas, Python.",Machine Learning,"NumPy, Machine Learning, Scikit-learn, Pandas, Python"
"Looking for a ML Engineer to optimize model performance. The ideal candidate has knowledge of NumPy, Machine Learning, Scikit-learn, Statistics, TensorFlow, Deep Learning.",Machine Learning,"NumPy, Machine Learning, Scikit-learn, Statistics, TensorFlow, Deep Learning"
"The role of Junior Data Scientist involves build predictive models. Applicants should be familiar with SQL, Pandas, Machine Learning, Data Visualization, Python, Scikit-learn, NumPy.",Data Science,"SQL, Pandas, Machine Learning, Data Visualization, Python, Scikit-learn, NumPy"
"Join our team as a Security Engineer. You will respond to security incidents and work with technologies such as Linux, Python, Vulnerability Assessment, Firewalls, SIEM, Cryptography, Ethical Hacking, Network Security.",Cyber Security,"Linux, Python, Vulnerability Assessment, Firewalls, SIEM, Cryptography, Ethical Hacking, Network Security"
"The role of Data Science Intern involves clean and preprocess data. Applicants should be familiar with Scikit-learn, SQL, NumPy, Data Visualization, Python, Statistics, Pandas, Machine Learning.",Data Science,"Scikit-learn, SQL, NumPy, Data Visualization, Python, Statistics, Pandas, Machine Learning"
"Join our team as a Junior Data Scientist. You will create dashboards and work with technologies such as Scikit-learn, Statistics, Machine Learning, NumPy, Python, Pandas, Data Visualization, SQL.",Data Science,"Scikit-learn, Statistics, Machine Learning, NumPy, Python, Pandas, Data Visualization, SQL"
"We are hiring a AI Engineer who can prepare datasets. Required skills include Deep Learning, NumPy, Scikit-learn, Pandas, TensorFlow, Statistics, Python.",Machine Learning,"Deep Learning, NumPy, Scikit-learn, Pandas, TensorFlow, Statistics, Python"
"The role of Database Intern involves design database schemas. Applicants should be familiar with Oracle, Linux, MySQL, SQL, Backup and Recovery, Performance Tuning.",Database Administration,"Oracle, Linux, MySQL, SQL, Backup and Recovery, Performance Tuning"
"DevOps Engineer required to manage cloud infrastructure. Candidates should have experience with Networking, AWS, CI/CD, Docker, Git, Azure.",Cloud Computing,"Networking, AWS, CI/CD, Docker, Git, Azure"
"Looking for a Data Scientist to create dashboards. The ideal candidate has knowledge of Machine Learning, Data Visualization, Scikit-learn, Statistics, NumPy, Pandas.",Data Science,"Machine Learning, Data Visualization, Scikit-learn, Statistics, NumPy, Pandas"
"Join our team as a Information Security Analyst. You will respond to security incidents and work with technologies such as Firewalls, Network Security, Vulnerability Assessment, Cryptography, Python.",Cyber Security,"Firewalls, Network Security, Vulnerability Assessment, Cryptography, Python"
"We are hiring a Web Development Intern who can maintain web applications. Required skills include MongoDB, REST API, Node.js, CSS, JavaScript.",Web Development,"MongoDB, REST API, Node.js, CSS, JavaScript"
"The role of ML Engineer involves optimize model performance. Applicants should be familiar with Statistics, Pandas, Deep Learning, Machine Learning, TensorFlow, Scikit-learn.",Machine Learning,"Statistics, Pandas, Deep Learning, Machine Learning, TensorFlow, Scikit-learn"
"We are hiring a AI Engineer who can evaluate predictive algorithms. Required skills include Deep Learning, NumPy, Scikit-learn, TensorFlow, Statistics, Pandas, Python, Machine Learning.",Machine Learning,"Deep Learning, NumPy, Scikit-learn, TensorFlow, Statistics, Pandas, Python, Machine Learning"
"Looking for a Cyber Security Intern to monitor security events. The ideal candidate has knowledge of Cryptography, Vulnerability Assessment, Firewalls, Python, Network Security, SIEM, Linux, Ethical Hacking.",Cyber Security,"Cryptography, Vulnerability Assessment, Firewalls, Python, Network Security, SIEM, Linux, Ethical Hacking"
"Looking for a Full Stack Developer to maintain web applications. The ideal candidate has knowledge of CSS, JavaScript, React, REST API, Git, HTML, Node.js.",Web Development,"CSS, JavaScript, React, REST API, Git, HTML, Node.js"
"Cyber Security Intern required to respond to security incidents. Candidates should have experience with SIEM, Linux, Cryptography, Vulnerability Assessment, Network Security, Python, Firewalls.",Cyber Security,"SIEM, Linux, Cryptography, Vulnerability Assessment, Network Security, Python, Firewalls"
"Join our team as a Database Administrator. You will design database schemas and work with technologies such as MySQL, Oracle, Backup and Recovery, SQL, PostgreSQL, Linux.",Database Administration,"MySQL, Oracle, Backup and Recovery, SQL, PostgreSQL, Linux"
"We are hiring a Database Intern who can optimize queries. Required skills include Linux, Oracle, Performance Tuning, Backup and Recovery, MySQL, PostgreSQL, SQL.",Database Administration,"Linux, Oracle, Performance Tuning, Backup and Recovery, MySQL, PostgreSQL, SQL"
"We are hiring a DevOps Engineer who can configure scalable systems. Required skills include CI/CD, AWS, Networking, Linux, Azure, Docker, Kubernetes, Git.",Cloud Computing,"CI/CD, AWS, Networking, Linux, Azure, Docker, Kubernetes, Git"
"Cloud Developer required to deploy applications. Candidates should have experience with CI/CD, Networking, Linux, Kubernetes, Azure.",Cloud Computing,"CI/CD, Networking, Linux, Kubernetes, Azure"
"The role of DevOps Engineer involves monitor cloud services. Applicants should be familiar with Docker, Git, Networking, AWS, Kubernetes, Linux.",Cloud Computing,"Docker, Git, Networking, AWS, Kubernetes, Linux"
"Join our team as a Frontend Developer. You will integrate REST APIs and work with technologies such as JavaScript, Git, React, HTML, REST API, CSS.",Web Development,"JavaScript, Git, React, HTML, REST API, CSS"
"Join our team as a Security Engineer. You will secure networks and work with technologies such as Ethical Hacking, Firewalls, Vulnerability Assessment, Python, Network Security.",Cyber Security,"Ethical Hacking, Firewalls, Vulnerability Assessment, Python, Network Security"
"Join our team as a Security Engineer. You will identify vulnerabilities and work with technologies such as SIEM, Network Security, Linux, Vulnerability Assessment, Firewalls, Python.",Cyber Security,"SIEM, Network Security, Linux, Vulnerability Assessment, Firewalls, Python"
"Looking for a Web Developer to create user interfaces. The ideal candidate has knowledge of Git, REST API, CSS, Node.js, HTML, JavaScript, MongoDB, React.",Web Development,"Git, REST API, CSS, Node.js, HTML, JavaScript, MongoDB, React"
"Looking for a Data Science Intern to build predictive models. The ideal candidate has knowledge of Machine Learning, Python, Pandas, Data Visualization, NumPy, Statistics, Scikit-learn, SQL.",Data Science,"Machine Learning, Python, Pandas, Data Visualization, NumPy, Statistics, Scikit-learn, SQL"
"Cloud Developer required to deploy applications. Candidates should have experience with Docker, CI/CD, Kubernetes, AWS, Azure, Linux.",Cloud Computing,"Docker, CI/CD, Kubernetes, AWS, Azure, Linux"
"The role of Database Administrator involves design database schemas. Applicants should be familiar with PostgreSQL, Linux, Performance Tuning, SQL, Backup and Recovery, Oracle.",Database Administration,"PostgreSQL, Linux, Performance Tuning, SQL, Backup and Recovery, Oracle"
"The role of Web Development Intern involves maintain web applications. Applicants should be familiar with HTML, Node.js, REST API, CSS, JavaScript, React, Git, MongoDB.",Web Development,"HTML, Node.js, REST API, CSS, JavaScript, React, Git, MongoDB"
"The role of Frontend Developer involves develop web applications. Applicants should be familiar with Node.js, JavaScript, HTML, Git, React, REST API, CSS.",Web Development,"Node.js, JavaScript, HTML, Git, React, REST API, CSS"
"Looking for a Database Administrator to perform backups. The ideal candidate has knowledge of Performance Tuning, Database Design, MySQL, SQL, Oracle.",Database Administration,"Performance Tuning, Database Design, MySQL, SQL, Oracle"
"Looking for a AI Engineer to evaluate predictive algorithms. The ideal candidate has knowledge of Statistics, Pandas, TensorFlow, Machine Learning, Deep Learning, Python.",Machine Learning,"Statistics, Pandas, TensorFlow, Machine Learning, Deep Learning, Python"
"Join our team as a Database Intern. You will perform backups and work with technologies such as Performance Tuning, Backup and Recovery, Oracle, MySQL, SQL, Linux.",Database Administration,"Performance Tuning, Backup and Recovery, Oracle, MySQL, SQL, Linux"
"Join our team as a Cyber Security Analyst. You will secure networks and work with technologies such as SIEM, Linux, Python, Ethical Hacking, Vulnerability Assessment.",Cyber Security,"SIEM, Linux, Python, Ethical Hacking, Vulnerability Assessment"
"Join our team as a Data Scientist. You will create dashboards and work with technologies such as Data Visualization, Python, NumPy, Scikit-learn, Machine Learning.",Data Science,"Data Visualization, Python, NumPy, Scikit-learn, Machine Learning"
"Join our team as a Database Administrator. You will perform backups and work with technologies such as Database Design, MySQL, SQL, Performance Tuning, PostgreSQL, Oracle, Linux.",Database Administration,"Database Design, MySQL, SQL, Performance Tuning, PostgreSQL, Oracle, Linux"
"Join our team as a Full Stack Developer. You will develop web applications and work with technologies such as Git, MongoDB, CSS, JavaScript, Node.js, HTML.",Web Development,"Git, MongoDB, CSS, JavaScript, Node.js, HTML"
"We are hiring a Web Developer who can create user interfaces. Required skills include React, MongoDB, HTML, JavaScript, CSS, Git, REST API.",Web Development,"React, MongoDB, HTML, JavaScript, CSS, Git, REST API"
"Join our team as a Cyber Security Intern. You will respond to security incidents and work with technologies such as Linux, Network Security, Python, Vulnerability Assessment, Firewalls, SIEM, Ethical Hacking, Cryptography.",Cyber Security,"Linux, Network Security, Python, Vulnerability Assessment, Firewalls, SIEM, Ethical Hacking, Cryptography"
"We are hiring a Web Development Intern who can develop web applications. Required skills include JavaScript, React, Node.js, MongoDB, Git, REST API, CSS.",Web Development,"JavaScript, React, Node.js, MongoDB, Git, REST API, CSS"
"Looking for a Junior Data Scientist to build predictive models. The ideal candidate has knowledge of Statistics, NumPy, Machine Learning, Scikit-learn, Python, Data Visualization, SQL.",Data Science,"Statistics, NumPy, Machine Learning, Scikit-learn, Python, Data Visualization, SQL"
"Junior Data Scientist required to create dashboards. Candidates should have experience with Statistics, Python, NumPy, SQL, Machine Learning, Pandas.",Data Science,"Statistics, Python, NumPy, SQL, Machine Learning, Pandas"
"Join our team as a Machine Learning Engineer. You will develop AI solutions and work with technologies such as Deep Learning, Machine Learning, NumPy, Python, Statistics, TensorFlow, Scikit-learn.",Machine Learning,"Deep Learning, Machine Learning, NumPy, Python, Statistics, TensorFlow, Scikit-learn"
"We are hiring a ML Data Analyst who can clean and preprocess data. Required skills include Scikit-learn, SQL, Data Visualization, Machine Learning, NumPy, Pandas, Statistics, Python.",Data Science,"Scikit-learn, SQL, Data Visualization, Machine Learning, NumPy, Pandas, Statistics, Python"
"ML Data Analyst required to build predictive models. Candidates should have experience with Scikit-learn, SQL, Python, Data Visualization, NumPy.",Data Science,"Scikit-learn, SQL, Python, Data Visualization, NumPy"
"The role of AI Engineer involves prepare datasets. Applicants should be familiar with Statistics, NumPy, Machine Learning, Pandas, Python, Scikit-learn, Deep Learning, TensorFlow.",Machine Learning,"Statistics, NumPy, Machine Learning, Pandas, Python, Scikit-learn, Deep Learning, TensorFlow"
"The role of Web Developer involves integrate REST APIs. Applicants should be familiar with REST API, CSS, Git, HTML, JavaScript, Node.js.",Web Development,"REST API, CSS, Git, HTML, JavaScript, Node.js"
"The role of Data Science Intern involves create dashboards. Applicants should be familiar with NumPy, SQL, Scikit-learn, Data Visualization, Machine Learning.",Data Science,"NumPy, SQL, Scikit-learn, Data Visualization, Machine Learning"
"We are hiring a Information Security Analyst who can perform security assessments. Required skills include Linux, Vulnerability Assessment, Ethical Hacking, SIEM, Python, Firewalls.",Cyber Security,"Linux, Vulnerability Assessment, Ethical Hacking, SIEM, Python, Firewalls"
"Web Development Intern required to integrate REST APIs. Candidates should have experience with MongoDB, REST API, React, Git, HTML.",Web Development,"MongoDB, REST API, React, Git, HTML"
"Cloud Engineer required to configure scalable systems. Candidates should have experience with Azure, CI/CD, Linux, Kubernetes, Networking.",Cloud Computing,"Azure, CI/CD, Linux, Kubernetes, Networking"
"Information Security Analyst required to perform security assessments. Candidates should have experience with Cryptography, Linux, Network Security, Python, SIEM, Vulnerability Assessment, Firewalls.",Cyber Security,"Cryptography, Linux, Network Security, Python, SIEM, Vulnerability Assessment, Firewalls"
"Data Science Intern required to perform statistical analysis. Candidates should have experience with Python, Data Visualization, NumPy, Pandas, Scikit-learn, Statistics, Machine Learning.",Data Science,"Python, Data Visualization, NumPy, Pandas, Scikit-learn, Statistics, Machine Learning"
"Join our team as a Junior Data Scientist. You will analyze datasets and work with technologies such as Python, Scikit-learn, NumPy, Pandas, Machine Learning.",Data Science,"Python, Scikit-learn, NumPy, Pandas, Machine Learning"
"We are hiring a Database Intern who can manage databases. Required skills include SQL, Backup and Recovery, PostgreSQL, Database Design, Performance Tuning, MySQL.",Database Administration,"SQL, Backup and Recovery, PostgreSQL, Database Design, Performance Tuning, MySQL"
"Join our team as a Database Intern. You will design database schemas and work with technologies such as PostgreSQL, SQL, Backup and Recovery, Oracle, MySQL, Database Design, Linux, Performance Tuning.",Database Administration,"PostgreSQL, SQL, Backup and Recovery, Oracle, MySQL, Database Design, Linux, Performance Tuning"
"We are hiring a Cloud Engineer who can deploy applications. Required skills include Azure, Docker, Git, Linux, Kubernetes, AWS.",Cloud Computing,"Azure, Docker, Git, Linux, Kubernetes, AWS"
"We are hiring a Cloud Engineer who can automate deployment pipelines. Required skills include Git, Docker, Azure, AWS, CI/CD, Networking.",Cloud Computing,"Git, Docker, Azure, AWS, CI/CD, Networking"
"Looking for a Database Intern to perform backups. The ideal candidate has knowledge of PostgreSQL, Performance Tuning, MySQL, SQL, Linux.",Database Administration,"PostgreSQL, Performance Tuning, MySQL, SQL, Linux"
"Looking for a ML Engineer to develop AI solutions. The ideal candidate has knowledge of NumPy, Python, Pandas, Statistics, Scikit-learn, Machine Learning.",Machine Learning,"NumPy, Python, Pandas, Statistics, Scikit-learn, Machine Learning"
"Looking for a Data Science Intern to build predictive models. The ideal candidate has knowledge of Scikit-learn, Statistics, Python, Pandas, Machine Learning, Data Visualization, SQL, NumPy.",Data Science,"Scikit-learn, Statistics, Python, Pandas, Machine Learning, Data Visualization, SQL, NumPy"
"Join our team as a Cyber Security Intern. You will respond to security incidents and work with technologies such as Python, Network Security, Linux, Vulnerability Assessment, Firewalls.",Cyber Security,"Python, Network Security, Linux, Vulnerability Assessment, Firewalls"
"Full Stack Developer required to integrate REST APIs. Candidates should have experience with Git, Node.js, REST API, HTML, React, JavaScript, MongoDB, CSS.",Web Development,"Git, Node.js, REST API, HTML, React, JavaScript, MongoDB, CSS"
"Looking for a Junior Data Scientist to analyze datasets. The ideal candidate has knowledge of Data Visualization, Machine Learning, Pandas, SQL, Scikit-learn, NumPy.",Data Science,"Data Visualization, Machine Learning, Pandas, SQL, Scikit-learn, NumPy"
"Join our team as a DevOps Engineer. You will automate deployment pipelines and work with technologies such as Azure, Networking, Docker, CI/CD, Git, Linux, Kubernetes.",Cloud Computing,"Azure, Networking, Docker, CI/CD, Git, Linux, Kubernetes"
"Join our team as a AI Engineer. You will train machine learning models and work with technologies such as Scikit-learn, Machine Learning, TensorFlow, Python, Statistics, Pandas.",Machine Learning,"Scikit-learn, Machine Learning, TensorFlow, Python, Statistics, Pandas"
"Join our team as a ML Data Analyst. You will analyze datasets and work with technologies such as Data Visualization, Machine Learning, SQL, Python, Pandas, Statistics, NumPy.",Data Science,"Data Visualization, Machine Learning, SQL, Python, Pandas, Statistics, NumPy"
"Join our team as a Security Engineer. You will secure networks and work with technologies such as Network Security, Firewalls, Python, Linux, Ethical Hacking.",Cyber Security,"Network Security, Firewalls, Python, Linux, Ethical Hacking"
"Cloud Developer required to configure scalable systems. Candidates should have experience with Networking, AWS, CI/CD, Docker, Kubernetes, Git, Azure, Linux.",Cloud Computing,"Networking, AWS, CI/CD, Docker, Kubernetes, Git, Azure, Linux"
"Join our team as a Web Developer. You will create user interfaces and work with technologies such as Git, JavaScript, MongoDB, React, CSS, REST API.",Web Development,"Git, JavaScript, MongoDB, React, CSS, REST API"
"We are hiring a Machine Learning Intern who can prepare datasets. Required skills include NumPy, Python, Statistics, Deep Learning, Scikit-learn, Machine Learning.",Machine Learning,"NumPy, Python, Statistics, Deep Learning, Scikit-learn, Machine Learning"
"Join our team as a Machine Learning Intern. You will evaluate predictive algorithms and work with technologies such as Scikit-learn, NumPy, Machine Learning, TensorFlow, Pandas.",Machine Learning,"Scikit-learn, NumPy, Machine Learning, TensorFlow, Pandas"
"Looking for a Database Engineer to perform backups. The ideal candidate has knowledge of SQL, MySQL, PostgreSQL, Oracle, Database Design, Linux, Backup and Recovery, Performance Tuning.",Database Administration,"SQL, MySQL, PostgreSQL, Oracle, Database Design, Linux, Backup and Recovery, Performance Tuning"
"Looking for a Cloud Engineer to automate deployment pipelines. The ideal candidate has knowledge of Azure, AWS, Linux, Docker, Git, Networking, CI/CD, Kubernetes.",Cloud Computing,"Azure, AWS, Linux, Docker, Git, Networking, CI/CD, Kubernetes"
"ML Engineer required to prepare datasets. Candidates should have experience with Scikit-learn, Machine Learning, Deep Learning, Statistics, NumPy, TensorFlow, Python.",Machine Learning,"Scikit-learn, Machine Learning, Deep Learning, Statistics, NumPy, TensorFlow, Python"
"ML Engineer required to evaluate predictive algorithms. Candidates should have experience with Machine Learning, Pandas, Deep Learning, NumPy, Scikit-learn.",Machine Learning,"Machine Learning, Pandas, Deep Learning, NumPy, Scikit-learn"
"We are hiring a Database Intern who can perform backups. Required skills include SQL, MySQL, Database Design, PostgreSQL, Backup and Recovery.",Database Administration,"SQL, MySQL, Database Design, PostgreSQL, Backup and Recovery"
"We are hiring a Information Security Analyst who can perform security assessments. Required skills include Firewalls, Cryptography, Ethical Hacking, Vulnerability Assessment, Linux, SIEM, Python, Network Security.",Cyber Security,"Firewalls, Cryptography, Ethical Hacking, Vulnerability Assessment, Linux, SIEM, Python, Network Security"
"We are hiring a Frontend Developer who can build responsive websites. Required skills include Git, Node.js, MongoDB, CSS, HTML, React, REST API, JavaScript.",Web Development,"Git, Node.js, MongoDB, CSS, HTML, React, REST API, JavaScript"
"The role of Data Science Intern involves clean and preprocess data. Applicants should be familiar with Data Visualization, Pandas, NumPy, SQL, Machine Learning, Python.",Data Science,"Data Visualization, Pandas, NumPy, SQL, Machine Learning, Python"
"We are hiring a Information Security Analyst who can monitor security events. Required skills include Cryptography, Ethical Hacking, Firewalls, Python, Linux.",Cyber Security,"Cryptography, Ethical Hacking, Firewalls, Python, Linux"
"The role of Data Scientist involves create dashboards. Applicants should be familiar with NumPy, Python, Statistics, Pandas, SQL, Data Visualization.",Data Science,"NumPy, Python, Statistics, Pandas, SQL, Data Visualization"
"We are hiring a Data Science Intern who can analyze datasets. Required skills include Scikit-learn, Statistics, Python, SQL, Data Visualization, NumPy.",Data Science,"Scikit-learn, Statistics, Python, SQL, Data Visualization, NumPy"
"ML Engineer required to develop AI solutions. Candidates should have experience with NumPy, TensorFlow, Python, Deep Learning, Statistics, Scikit-learn, Pandas.",Machine Learning,"NumPy, TensorFlow, Python, Deep Learning, Statistics, Scikit-learn, Pandas"
"We are hiring a Web Developer who can build responsive websites. Required skills include REST API, HTML, CSS, MongoDB, Node.js, Git, JavaScript.",Web Development,"REST API, HTML, CSS, MongoDB, Node.js, Git, JavaScript"
"We are hiring a Machine Learning Intern who can optimize model performance. Required skills include NumPy, Pandas, TensorFlow, Deep Learning, Python.",Machine Learning,"NumPy, Pandas, TensorFlow, Deep Learning, Python"
"The role of Database Engineer involves monitor database performance. Applicants should be familiar with Linux, Backup and Recovery, Performance Tuning, Oracle, Database Design, MySQL.",Database Administration,"Linux, Backup and Recovery, Performance Tuning, Oracle, Database Design, MySQL"
"Looking for a Cyber Security Intern to respond to security incidents. The ideal candidate has knowledge of Python, Network Security, SIEM, Vulnerability Assessment, Cryptography, Linux.",Cyber Security,"Python, Network Security, SIEM, Vulnerability Assessment, Cryptography, Linux"
"We are hiring a Cyber Security Intern who can identify vulnerabilities. Required skills include Firewalls, SIEM, Python, Ethical Hacking, Cryptography, Vulnerability Assessment, Network Security, Linux.",Cyber Security,"Firewalls, SIEM, Python, Ethical Hacking, Cryptography, Vulnerability Assessment, Network Security, Linux"
"DevOps Engineer required to monitor cloud services. Candidates should have experience with Linux, Git, Azure, Kubernetes, Docker.",Cloud Computing,"Linux, Git, Azure, Kubernetes, Docker"
"We are hiring a Cloud Computing Intern who can automate deployment pipelines. Required skills include Linux, CI/CD, Networking, Azure, Docker, Kubernetes.",Cloud Computing,"Linux, CI/CD, Networking, Azure, Docker, Kubernetes"
"Cyber Security Analyst required to monitor security events. Candidates should have experience with Ethical Hacking, Linux, SIEM, Cryptography, Python, Network Security.",Cyber Security,"Ethical Hacking, Linux, SIEM, Cryptography, Python, Network Security"
"Looking for a Cloud Developer to monitor cloud services. The ideal candidate has knowledge of Kubernetes, Git, CI/CD, Networking, Docker, Azure, AWS.",Cloud Computing,"Kubernetes, Git, CI/CD, Networking, Docker, Azure, AWS"
"Looking for a Machine Learning Engineer to prepare datasets. The ideal candidate has knowledge of Statistics, TensorFlow, Machine Learning, Pandas, Scikit-learn, Deep Learning, NumPy.",Machine Learning,"Statistics, TensorFlow, Machine Learning, Pandas, Scikit-learn, Deep Learning, NumPy"
"Join our team as a Information Security Analyst. You will perform security assessments and work with technologies such as Python, Firewalls, Cryptography, Linux, Ethical Hacking, Vulnerability Assessment, SIEM, Network Security.",Cyber Security,"Python, Firewalls, Cryptography, Linux, Ethical Hacking, Vulnerability Assessment, SIEM, Network Security"
"We are hiring a Database Intern who can optimize queries. Required skills include Performance Tuning, Linux, Database Design, Backup and Recovery, SQL, Oracle, MySQL, PostgreSQL.",Database Administration,"Performance Tuning, Linux, Database Design, Backup and Recovery, SQL, Oracle, MySQL, PostgreSQL"
"The role of Junior Data Scientist involves build predictive models. Applicants should be familiar with SQL, NumPy, Python, Machine Learning, Pandas.",Data Science,"SQL, NumPy, Python, Machine Learning, Pandas"
"The role of AI Engineer involves prepare datasets. Applicants should be familiar with TensorFlow, NumPy, Deep Learning, Pandas, Machine Learning, Scikit-learn, Python, Statistics.",Machine Learning,"TensorFlow, NumPy, Deep Learning, Pandas, Machine Learning, Scikit-learn, Python, Statistics"
"Information Security Analyst required to perform security assessments. Candidates should have experience with Linux, SIEM, Python, Cryptography, Ethical Hacking, Firewalls, Vulnerability Assessment.",Cyber Security,"Linux, SIEM, Python, Cryptography, Ethical Hacking, Firewalls, Vulnerability Assessment"
"The role of Machine Learning Intern involves develop AI solutions. Applicants should be familiar with Deep Learning, Scikit-learn, NumPy, TensorFlow, Pandas, Statistics.",Machine Learning,"Deep Learning, Scikit-learn, NumPy, TensorFlow, Pandas, Statistics"
"Looking for a Security Engineer to secure networks. The ideal candidate has knowledge of Firewalls, Network Security, Ethical Hacking, SIEM, Python, Vulnerability Assessment, Cryptography.",Cyber Security,"Firewalls, Network Security, Ethical Hacking, SIEM, Python, Vulnerability Assessment, Cryptography"
"Looking for a DevOps Engineer to automate deployment pipelines. The ideal candidate has knowledge of Networking, Docker, CI/CD, AWS, Git.",Cloud Computing,"Networking, Docker, CI/CD, AWS, Git"
"Join our team as a Database Engineer. You will monitor database performance and work with technologies such as Backup and Recovery, PostgreSQL, Database Design, Linux, Performance Tuning, MySQL, Oracle, SQL.",Database Administration,"Backup and Recovery, PostgreSQL, Database Design, Linux, Performance Tuning, MySQL, Oracle, SQL"
"The role of Full Stack Developer involves maintain web applications. Applicants should be familiar with MongoDB, CSS, Node.js, REST API, JavaScript, Git, HTML.",Web Development,"MongoDB, CSS, Node.js, REST API, JavaScript, Git, HTML"
"Looking for a Full Stack Developer to build responsive websites. The ideal candidate has knowledge of JavaScript, Git, React, CSS, HTML, Node.js.",Web Development,"JavaScript, Git, React, CSS, HTML, Node.js"
"Cyber Security Analyst required to monitor security events. Candidates should have experience with Linux, SIEM, Python, Vulnerability Assessment, Cryptography, Ethical Hacking.",Cyber Security,"Linux, SIEM, Python, Vulnerability Assessment, Cryptography, Ethical Hacking"
"Information Security Analyst required to monitor security events. Candidates should have experience with SIEM, Vulnerability Assessment, Firewalls, Linux, Ethical Hacking, Network Security, Cryptography.",Cyber Security,"SIEM, Vulnerability Assessment, Firewalls, Linux, Ethical Hacking, Network Security, Cryptography"
"Web Development Intern required to build responsive websites. Candidates should have experience with React, REST API, CSS, MongoDB, Node.js, Git, JavaScript.",Web Development,"React, REST API, CSS, MongoDB, Node.js, Git, JavaScript"
"We are hiring a AI Engineer who can train machine learning models. Required skills include Python, Deep Learning, Statistics, NumPy, TensorFlow, Scikit-learn, Machine Learning, Pandas.",Machine Learning,"Python, Deep Learning, Statistics, NumPy, TensorFlow, Scikit-learn, Machine Learning, Pandas"
"We are hiring a Machine Learning Intern who can train machine learning models. Required skills include Deep Learning, Pandas, Machine Learning, Python, NumPy, Scikit-learn.",Machine Learning,"Deep Learning, Pandas, Machine Learning, Python, NumPy, Scikit-learn"
"Machine Learning Intern required to develop AI solutions. Candidates should have experience with Machine Learning, Deep Learning, Scikit-learn, Python, Pandas.",Machine Learning,"Machine Learning, Deep Learning, Scikit-learn, Python, Pandas"
"We are hiring a Machine Learning Engineer who can prepare datasets. Required skills include TensorFlow, Machine Learning, Python, NumPy, Pandas, Scikit-learn.",Machine Learning,"TensorFlow, Machine Learning, Python, NumPy, Pandas, Scikit-learn"
"Looking for a Machine Learning Intern to train machine learning models. The ideal candidate has knowledge of NumPy, Statistics, Scikit-learn, Pandas, Machine Learning, Deep Learning.",Machine Learning,"NumPy, Statistics, Scikit-learn, Pandas, Machine Learning, Deep Learning"
"Join our team as a Cyber Security Intern. You will respond to security incidents and work with technologies such as Python, Network Security, SIEM, Linux, Ethical Hacking, Firewalls, Vulnerability Assessment, Cryptography.",Cyber Security,"Python, Network Security, SIEM, Linux, Ethical Hacking, Firewalls, Vulnerability Assessment, Cryptography"
"Looking for a SQL Developer to design database schemas. The ideal candidate has knowledge of Performance Tuning, Backup and Recovery, Database Design, PostgreSQL, SQL, Oracle.",Database Administration,"Performance Tuning, Backup and Recovery, Database Design, PostgreSQL, SQL, Oracle"
"Looking for a Database Administrator to design database schemas. The ideal candidate has knowledge of MySQL, Linux, Oracle, Database Design, SQL, Performance Tuning, PostgreSQL, Backup and Recovery.",Database Administration,"MySQL, Linux, Oracle, Database Design, SQL, Performance Tuning, PostgreSQL, Backup and Recovery"
"Join our team as a SQL Developer. You will monitor database performance and work with technologies such as Backup and Recovery, SQL, Linux, Performance Tuning, Oracle, Database Design, PostgreSQL.",Database Administration,"Backup and Recovery, SQL, Linux, Performance Tuning, Oracle, Database Design, PostgreSQL"
"Looking for a Frontend Developer to maintain web applications. The ideal candidate has knowledge of JavaScript, HTML, Git, REST API, CSS, Node.js, React.",Web Development,"JavaScript, HTML, Git, REST API, CSS, Node.js, React"
"Machine Learning Intern required to evaluate predictive algorithms. Candidates should have experience with Scikit-learn, TensorFlow, Machine Learning, Python, NumPy.",Machine Learning,"Scikit-learn, TensorFlow, Machine Learning, Python, NumPy"
"The role of Web Developer involves develop web applications. Applicants should be familiar with MongoDB, HTML, JavaScript, REST API, CSS.",Web Development,"MongoDB, HTML, JavaScript, REST API, CSS"
"Looking for a Cloud Developer to manage cloud infrastructure. The ideal candidate has knowledge of AWS, Kubernetes, Linux, Git, CI/CD.",Cloud Computing,"AWS, Kubernetes, Linux, Git, CI/CD"
"The role of Junior Data Scientist involves build predictive models. Applicants should be familiar with Scikit-learn, Pandas, Data Visualization, NumPy, Python, Machine Learning, SQL.",Data Science,"Scikit-learn, Pandas, Data Visualization, NumPy, Python, Machine Learning, SQL"
"Join our team as a Database Engineer. You will design database schemas and work with technologies such as Backup and Recovery, PostgreSQL, MySQL, Linux, Database Design, Oracle, SQL, Performance Tuning.",Database Administration,"Backup and Recovery, PostgreSQL, MySQL, Linux, Database Design, Oracle, SQL, Performance Tuning"
"Data Scientist required to clean and preprocess data. Candidates should have experience with SQL, Python, Statistics, Scikit-learn, Pandas, Machine Learning.",Data Science,"SQL, Python, Statistics, Scikit-learn, Pandas, Machine Learning"
"We are hiring a Full Stack Developer who can develop web applications. Required skills include CSS, REST API, Git, JavaScript, Node.js, React, HTML, MongoDB.",Web Development,"CSS, REST API, Git, JavaScript, Node.js, React, HTML, MongoDB"
"The role of Cyber Security Analyst involves identify vulnerabilities. Applicants should be familiar with Firewalls, SIEM, Cryptography, Vulnerability Assessment, Network Security, Ethical Hacking, Linux, Python.",Cyber Security,"Firewalls, SIEM, Cryptography, Vulnerability Assessment, Network Security, Ethical Hacking, Linux, Python"
"Looking for a Junior Data Scientist to create dashboards. The ideal candidate has knowledge of Data Visualization, Pandas, Python, NumPy, SQL, Statistics.",Data Science,"Data Visualization, Pandas, Python, NumPy, SQL, Statistics"
"Cloud Engineer required to deploy applications. Candidates should have experience with Kubernetes, Git, Linux, AWS, CI/CD.",Cloud Computing,"Kubernetes, Git, Linux, AWS, CI/CD"
"We are hiring a Cloud Engineer who can monitor cloud services. Required skills include Docker, Kubernetes, Azure, AWS, Linux, Git, Networking.",Cloud Computing,"Docker, Kubernetes, Azure, AWS, Linux, Git, Networking"
"Join our team as a Cyber Security Analyst. You will identify vulnerabilities and work with technologies such as SIEM, Firewalls, Linux, Network Security, Vulnerability Assessment, Ethical Hacking, Cryptography.",Cyber Security,"SIEM, Firewalls, Linux, Network Security, Vulnerability Assessment, Ethical Hacking, Cryptography"
"Cloud Developer required to deploy applications. Candidates should have experience with Kubernetes, AWS, Docker, CI/CD, Networking, Git, Azure.",Cloud Computing,"Kubernetes, AWS, Docker, CI/CD, Networking, Git, Azure"
"DevOps Engineer required to deploy applications. Candidates should have experience with Linux, CI/CD, Docker, Kubernetes, Git, Azure, Networking.",Cloud Computing,"Linux, CI/CD, Docker, Kubernetes, Git, Azure, Networking"
"The role of Data Science Intern involves perform statistical analysis. Applicants should be familiar with Data Visualization, Scikit-learn, Machine Learning, Statistics, NumPy, Pandas.",Data Science,"Data Visualization, Scikit-learn, Machine Learning, Statistics, NumPy, Pandas"
"Join our team as a Cloud Computing Intern. You will manage cloud infrastructure and work with technologies such as CI/CD, Linux, Git, Kubernetes, Azure, Networking, Docker, AWS.",Cloud Computing,"CI/CD, Linux, Git, Kubernetes, Azure, Networking, Docker, AWS"
"Join our team as a Data Scientist. You will analyze datasets and work with technologies such as Data Visualization, Pandas, Statistics, NumPy, Scikit-learn, Python, Machine Learning, SQL.",Data Science,"Data Visualization, Pandas, Statistics, NumPy, Scikit-learn, Python, Machine Learning, SQL"
"The role of Cyber Security Analyst involves identify vulnerabilities. Applicants should be familiar with Python, SIEM, Cryptography, Linux, Vulnerability Assessment, Network Security, Firewalls, Ethical Hacking.",Cyber Security,"Python, SIEM, Cryptography, Linux, Vulnerability Assessment, Network Security, Firewalls, Ethical Hacking"
"Machine Learning Intern required to optimize model performance. Candidates should have experience with Scikit-learn, NumPy, Python, Machine Learning, TensorFlow.",Machine Learning,"Scikit-learn, NumPy, Python, Machine Learning, TensorFlow"
"Looking for a Cyber Security Analyst to respond to security incidents. The ideal candidate has knowledge of SIEM, Vulnerability Assessment, Python, Cryptography, Linux.",Cyber Security,"SIEM, Vulnerability Assessment, Python, Cryptography, Linux"
"Join our team as a Database Intern. You will manage databases and work with technologies such as MySQL, Oracle, Linux, SQL, Performance Tuning.",Database Administration,"MySQL, Oracle, Linux, SQL, Performance Tuning"
"Looking for a ML Data Analyst to analyze datasets. The ideal candidate has knowledge of SQL, NumPy, Data Visualization, Python, Statistics.",Data Science,"SQL, NumPy, Data Visualization, Python, Statistics"
"Cyber Security Analyst required to identify vulnerabilities. Candidates should have experience with SIEM, Vulnerability Assessment, Network Security, Linux, Ethical Hacking, Python.",Cyber Security,"SIEM, Vulnerability Assessment, Network Security, Linux, Ethical Hacking, Python"
"Join our team as a ML Engineer. You will evaluate predictive algorithms and work with technologies such as Python, Deep Learning, Machine Learning, Statistics, TensorFlow, NumPy, Scikit-learn.",Machine Learning,"Python, Deep Learning, Machine Learning, Statistics, TensorFlow, NumPy, Scikit-learn"
"Security Engineer required to respond to security incidents. Candidates should have experience with Ethical Hacking, Python, Vulnerability Assessment, Linux, Network Security, Firewalls.",Cyber Security,"Ethical Hacking, Python, Vulnerability Assessment, Linux, Network Security, Firewalls"
"Looking for a ML Engineer to evaluate predictive algorithms. The ideal candidate has knowledge of TensorFlow, Deep Learning, Machine Learning, NumPy, Statistics.",Machine Learning,"TensorFlow, Deep Learning, Machine Learning, NumPy, Statistics"
"We are hiring a Database Intern who can manage databases. Required skills include PostgreSQL, SQL, Performance Tuning, Database Design, Backup and Recovery, Oracle.",Database Administration,"PostgreSQL, SQL, Performance Tuning, Database Design, Backup and Recovery, Oracle"
"Cloud Developer required to manage cloud infrastructure. Candidates should have experience with Networking, Azure, Git, Kubernetes, Docker.",Cloud Computing,"Networking, Azure, Git, Kubernetes, Docker"
"Join our team as a Security Engineer. You will perform security assessments and work with technologies such as Linux, SIEM, Firewalls, Python, Vulnerability Assessment, Network Security, Cryptography.",Cyber Security,"Linux, SIEM, Firewalls, Python, Vulnerability Assessment, Network Security, Cryptography"
"Web Developer required to build responsive websites. Candidates should have experience with HTML, JavaScript, React, CSS, Git, Node.js.",Web Development,"HTML, JavaScript, React, CSS, Git, Node.js"
"Web Developer required to develop web applications. Candidates should have experience with Node.js, JavaScript, REST API, HTML, CSS, MongoDB, React.",Web Development,"Node.js, JavaScript, REST API, HTML, CSS, MongoDB, React"
"We are hiring a Cloud Computing Intern who can deploy applications. Required skills include Docker, Git, Kubernetes, AWS, Linux.",Cloud Computing,"Docker, Git, Kubernetes, AWS, Linux"
"Join our team as a Database Engineer. You will monitor database performance and work with technologies such as PostgreSQL, Oracle, Database Design, MySQL, Linux, Backup and Recovery.",Database Administration,"PostgreSQL, Oracle, Database Design, MySQL, Linux, Backup and Recovery"
"Join our team as a Information Security Analyst. You will respond to security incidents and work with technologies such as Network Security, Firewalls, Cryptography, Ethical Hacking, Linux, SIEM, Python.",Cyber Security,"Network Security, Firewalls, Cryptography, Ethical Hacking, Linux, SIEM, Python"
"Join our team as a Web Development Intern. You will integrate REST APIs and work with technologies such as MongoDB, REST API, Node.js, CSS, HTML, React, Git.",Web Development,"MongoDB, REST API, Node.js, CSS, HTML, React, Git"
"Join our team as a ML Data Analyst. You will clean and preprocess data and work with technologies such as NumPy, Data Visualization, Python, Scikit-learn, Pandas.",Data Science,"NumPy, Data Visualization, Python, Scikit-learn, Pandas"
"Join our team as a Frontend Developer. You will develop web applications and work with technologies such as React, JavaScript, CSS, Node.js, HTML, Git.",Web Development,"React, JavaScript, CSS, Node.js, HTML, Git"
"The role of Junior Data Scientist involves build predictive models. Applicants should be familiar with SQL, Statistics, Python, Data Visualization, Scikit-learn, Machine Learning, NumPy, Pandas.",Data Science,"SQL, Statistics, Python, Data Visualization, Scikit-learn, Machine Learning, NumPy, Pandas"
"Join our team as a Full Stack Developer. You will maintain web applications and work with technologies such as React, HTML, CSS, Git, Node.js, MongoDB, REST API.",Web Development,"React, HTML, CSS, Git, Node.js, MongoDB, REST API"
"We are hiring a Database Administrator who can optimize queries. Required skills include Backup and Recovery, Linux, SQL, Performance Tuning, PostgreSQL, MySQL, Oracle.",Database Administration,"Backup and Recovery, Linux, SQL, Performance Tuning, PostgreSQL, MySQL, Oracle"
"We are hiring a Data Science Intern who can perform statistical analysis. Required skills include Python, Machine Learning, Pandas, Data Visualization, Scikit-learn, NumPy, SQL.",Data Science,"Python, Machine Learning, Pandas, Data Visualization, Scikit-learn, NumPy, SQL"
"We are hiring a Data Scientist who can clean and preprocess data. Required skills include Statistics, NumPy, SQL, Data Visualization, Python, Pandas, Scikit-learn.",Data Science,"Statistics, NumPy, SQL, Data Visualization, Python, Pandas, Scikit-learn"
"DevOps Engineer required to deploy applications. Candidates should have experience with Git, Kubernetes, Linux, CI/CD, Docker, Networking, Azure, AWS.",Cloud Computing,"Git, Kubernetes, Linux, CI/CD, Docker, Networking, Azure, AWS"
"We are hiring a ML Engineer who can optimize model performance. Required skills include Machine Learning, TensorFlow, Deep Learning, Pandas, NumPy, Scikit-learn.",Machine Learning,"Machine Learning, TensorFlow, Deep Learning, Pandas, NumPy, Scikit-learn"
"The role of Junior Data Scientist involves clean and preprocess data. Applicants should be familiar with Machine Learning, Data Visualization, Statistics, SQL, Pandas, NumPy.",Data Science,"Machine Learning, Data Visualization, Statistics, SQL, Pandas, NumPy"
"AI Engineer required to optimize model performance. Candidates should have experience with Python, Pandas, Scikit-learn, Deep Learning, Statistics.",Machine Learning,"Python, Pandas, Scikit-learn, Deep Learning, Statistics"
"The role of Machine Learning Intern involves optimize model performance. Applicants should be familiar with Deep Learning, Statistics, Scikit-learn, Python, Machine Learning, Pandas.",Machine Learning,"Deep Learning, Statistics, Scikit-learn, Python, Machine Learning, Pandas"
"The role of DevOps Engineer involves configure scalable systems. Applicants should be familiar with AWS, Docker, Azure, CI/CD, Linux, Kubernetes, Networking, Git.",Cloud Computing,"AWS, Docker, Azure, CI/CD, Linux, Kubernetes, Networking, Git"
"The role of SQL Developer involves design database schemas. Applicants should be familiar with Performance Tuning, MySQL, Linux, Backup and Recovery, PostgreSQL, Database Design, Oracle, SQL.",Database Administration,"Performance Tuning, MySQL, Linux, Backup and Recovery, PostgreSQL, Database Design, Oracle, SQL"
"Join our team as a Frontend Developer. You will create user interfaces and work with technologies such as HTML, MongoDB, REST API, CSS, JavaScript, Node.js, React, Git.",Web Development,"HTML, MongoDB, REST API, CSS, JavaScript, Node.js, React, Git"
"Looking for a Cloud Computing Intern to deploy applications. The ideal candidate has knowledge of AWS, Azure, Linux, Kubernetes, Git, CI/CD, Networking, Docker.",Cloud Computing,"AWS, Azure, Linux, Kubernetes, Git, CI/CD, Networking, Docker"
"The role of Database Engineer involves monitor database performance. Applicants should be familiar with Oracle, Performance Tuning, Database Design, SQL, PostgreSQL, MySQL, Backup and Recovery, Linux.",Database Administration,"Oracle, Performance Tuning, Database Design, SQL, PostgreSQL, MySQL, Backup and Recovery, Linux"
"The role of Machine Learning Intern involves optimize model performance. Applicants should be familiar with TensorFlow, NumPy, Statistics, Pandas, Deep Learning.",Machine Learning,"TensorFlow, NumPy, Statistics, Pandas, Deep Learning"
"The role of ML Data Analyst involves perform statistical analysis. Applicants should be familiar with NumPy, Python, SQL, Data Visualization, Machine Learning, Scikit-learn, Pandas, Statistics.",Data Science,"NumPy, Python, SQL, Data Visualization, Machine Learning, Scikit-learn, Pandas, Statistics"
"The role of Web Development Intern involves develop web applications. Applicants should be familiar with MongoDB, Git, Node.js, JavaScript, REST API.",Web Development,"MongoDB, Git, Node.js, JavaScript, REST API"
"Cloud Developer required to automate deployment pipelines. Candidates should have experience with AWS, Azure, Linux, Docker, CI/CD, Git, Networking, Kubernetes.",Cloud Computing,"AWS, Azure, Linux, Docker, CI/CD, Git, Networking, Kubernetes"
"Cloud Computing Intern required to configure scalable systems. Candidates should have experience with Azure, CI/CD, Linux, Docker, AWS, Networking.",Cloud Computing,"Azure, CI/CD, Linux, Docker, AWS, Networking"
"The role of Cloud Developer involves monitor cloud services. Applicants should be familiar with Docker, CI/CD, Linux, AWS, Azure, Git.",Cloud Computing,"Docker, CI/CD, Linux, AWS, Azure, Git"
"Junior Data Scientist required to analyze datasets. Candidates should have experience with Statistics, Python, Machine Learning, NumPy, Scikit-learn.",Data Science,"Statistics, Python, Machine Learning, NumPy, Scikit-learn"
"We are hiring a Junior Data Scientist who can clean and preprocess data. Required skills include SQL, Machine Learning, Data Visualization, Pandas, Python, Statistics, NumPy, Scikit-learn.",Data Science,"SQL, Machine Learning, Data Visualization, Pandas, Python, Statistics, NumPy, Scikit-learn"
"Join our team as a Cloud Computing Intern. You will manage cloud infrastructure and work with technologies such as Azure, CI/CD, Kubernetes, Git, Networking.",Cloud Computing,"Azure, CI/CD, Kubernetes, Git, Networking"
"Looking for a Database Intern to manage databases. The ideal candidate has knowledge of Linux, Database Design, Oracle, MySQL, Performance Tuning, PostgreSQL, SQL, Backup and Recovery.",Database Administration,"Linux, Database Design, Oracle, MySQL, Performance Tuning, PostgreSQL, SQL, Backup and Recovery"
"We are hiring a Cyber Security Analyst who can secure networks. Required skills include Firewalls, Python, Ethical Hacking, SIEM, Vulnerability Assessment, Network Security, Cryptography, Linux.",Cyber Security,"Firewalls, Python, Ethical Hacking, SIEM, Vulnerability Assessment, Network Security, Cryptography, Linux"
"The role of Junior Data Scientist involves build predictive models. Applicants should be familiar with Pandas, Python, Scikit-learn, SQL, Statistics, NumPy.",Data Science,"Pandas, Python, Scikit-learn, SQL, Statistics, NumPy"
"The role of Junior Data Scientist involves analyze datasets. Applicants should be familiar with NumPy, Statistics, Scikit-learn, Machine Learning, SQL, Python.",Data Science,"NumPy, Statistics, Scikit-learn, Machine Learning, SQL, Python"
"Database Intern required to manage databases. Candidates should have experience with MySQL, Backup and Recovery, Database Design, Oracle, PostgreSQL.",Database Administration,"MySQL, Backup and Recovery, Database Design, Oracle, PostgreSQL"
"Looking for a Cyber Security Analyst to secure networks. The ideal candidate has knowledge of Python, Network Security, Cryptography, SIEM, Linux.",Cyber Security,"Python, Network Security, Cryptography, SIEM, Linux"
"Junior Data Scientist required to clean and preprocess data. Candidates should have experience with Python, Statistics, Pandas, SQL, NumPy, Scikit-learn, Data Visualization.",Data Science,"Python, Statistics, Pandas, SQL, NumPy, Scikit-learn, Data Visualization"
"Looking for a Cyber Security Intern to identify vulnerabilities. The ideal candidate has knowledge of Python, Vulnerability Assessment, Network Security, Ethical Hacking, Cryptography, Linux.",Cyber Security,"Python, Vulnerability Assessment, Network Security, Ethical Hacking, Cryptography, Linux"
"We are hiring a Cyber Security Intern who can perform security assessments. Required skills include SIEM, Vulnerability Assessment, Python, Network Security, Ethical Hacking, Firewalls.",Cyber Security,"SIEM, Vulnerability Assessment, Python, Network Security, Ethical Hacking, Firewalls"
"Cloud Computing Intern required to monitor cloud services. Candidates should have experience with Docker, Git, AWS, Kubernetes, Networking, Azure, Linux.",Cloud Computing,"Docker, Git, AWS, Kubernetes, Networking, Azure, Linux"
"Cyber Security Intern required to perform security assessments. Candidates should have experience with Network Security, Firewalls, Linux, Cryptography, Python, SIEM.",Cyber Security,"Network Security, Firewalls, Linux, Cryptography, Python, SIEM"
"The role of DevOps Engineer involves deploy applications. Applicants should be familiar with Git, Kubernetes, Azure, Networking, AWS, Docker, Linux, CI/CD.",Cloud Computing,"Git, Kubernetes, Azure, Networking, AWS, Docker, Linux, CI/CD"
"We are hiring a ML Engineer who can develop AI solutions. Required skills include Statistics, Python, TensorFlow, Scikit-learn, Machine Learning, Pandas.",Machine Learning,"Statistics, Python, TensorFlow, Scikit-learn, Machine Learning, Pandas"
"Join our team as a Data Science Intern. You will analyze datasets and work with technologies such as NumPy, Python, Machine Learning, Statistics, Pandas, Scikit-learn, Data Visualization, SQL.",Data Science,"NumPy, Python, Machine Learning, Statistics, Pandas, Scikit-learn, Data Visualization, SQL"
"Security Engineer required to identify vulnerabilities. Candidates should have experience with Linux, Vulnerability Assessment, Firewalls, Cryptography, Ethical Hacking, SIEM, Python.",Cyber Security,"Linux, Vulnerability Assessment, Firewalls, Cryptography, Ethical Hacking, SIEM, Python"
"We are hiring a Machine Learning Engineer who can evaluate predictive algorithms. Required skills include Deep Learning, Python, Machine Learning, TensorFlow, NumPy, Scikit-learn, Pandas, Statistics.",Machine Learning,"Deep Learning, Python, Machine Learning, TensorFlow, NumPy, Scikit-learn, Pandas, Statistics"
"Looking for a Data Science Intern to build predictive models. The ideal candidate has knowledge of Data Visualization, SQL, NumPy, Pandas, Scikit-learn, Statistics.",Data Science,"Data Visualization, SQL, NumPy, Pandas, Scikit-learn, Statistics"
"Machine Learning Intern required to develop AI solutions. Candidates should have experience with Deep Learning, Scikit-learn, TensorFlow, Pandas, Machine Learning, NumPy, Statistics.",Machine Learning,"Deep Learning, Scikit-learn, TensorFlow, Pandas, Machine Learning, NumPy, Statistics"
"The role of Junior Data Scientist involves analyze datasets. Applicants should be familiar with Python, Pandas, Scikit-learn, NumPy, SQL, Machine Learning, Data Visualization, Statistics.",Data Science,"Python, Pandas, Scikit-learn, NumPy, SQL, Machine Learning, Data Visualization, Statistics"
"Looking for a Web Developer to maintain web applications. The ideal candidate has knowledge of React, Git, CSS, JavaScript, MongoDB.",Web Development,"React, Git, CSS, JavaScript, MongoDB"
"ML Engineer required to prepare datasets. Candidates should have experience with Machine Learning, Scikit-learn, Deep Learning, TensorFlow, NumPy.",Machine Learning,"Machine Learning, Scikit-learn, Deep Learning, TensorFlow, NumPy"
"Join our team as a SQL Developer. You will design database schemas and work with technologies such as SQL, Performance Tuning, Oracle, Linux, PostgreSQL, MySQL, Backup and Recovery, Database Design.",Database Administration,"SQL, Performance Tuning, Oracle, Linux, PostgreSQL, MySQL, Backup and Recovery, Database Design"
"Looking for a Web Development Intern to maintain web applications. The ideal candidate has knowledge of REST API, MongoDB, Node.js, HTML, CSS, React, Git, JavaScript.",Web Development,"REST API, MongoDB, Node.js, HTML, CSS, React, Git, JavaScript"
"Join our team as a SQL Developer. You will manage databases and work with technologies such as Oracle, Backup and Recovery, SQL, PostgreSQL, Performance Tuning, Linux, MySQL, Database Design.",Database Administration,"Oracle, Backup and Recovery, SQL, PostgreSQL, Performance Tuning, Linux, MySQL, Database Design"
"Cloud Computing Intern required to configure scalable systems. Candidates should have experience with Kubernetes, Git, Azure, CI/CD, Docker, Networking.",Cloud Computing,"Kubernetes, Git, Azure, CI/CD, Docker, Networking"
"We are hiring a Frontend Developer who can integrate REST APIs. Required skills include React, HTML, MongoDB, JavaScript, Git.",Web Development,"React, HTML, MongoDB, JavaScript, Git"
"The role of Database Administrator involves monitor database performance. Applicants should be familiar with SQL, MySQL, Performance Tuning, Oracle, Linux, Backup and Recovery.",Database Administration,"SQL, MySQL, Performance Tuning, Oracle, Linux, Backup and Recovery"
"The role of Database Engineer involves design database schemas. Applicants should be familiar with MySQL, Database Design, Linux, Oracle, PostgreSQL, Backup and Recovery, SQL, Performance Tuning.",Database Administration,"MySQL, Database Design, Linux, Oracle, PostgreSQL, Backup and Recovery, SQL, Performance Tuning"
"Looking for a SQL Developer to manage databases. The ideal candidate has knowledge of Database Design, Performance Tuning, SQL, Linux, MySQL.",Database Administration,"Database Design, Performance Tuning, SQL, Linux, MySQL"
"Looking for a ML Data Analyst to perform statistical analysis. The ideal candidate has knowledge of Data Visualization, SQL, Python, Scikit-learn, NumPy, Machine Learning, Pandas, Statistics.",Data Science,"Data Visualization, SQL, Python, Scikit-learn, NumPy, Machine Learning, Pandas, Statistics"
"The role of Cloud Developer involves automate deployment pipelines. Applicants should be familiar with Docker, Networking, CI/CD, Kubernetes, Azure, AWS.",Cloud Computing,"Docker, Networking, CI/CD, Kubernetes, Azure, AWS"
"The role of Full Stack Developer involves create user interfaces. Applicants should be familiar with Git, React, Node.js, HTML, CSS, JavaScript, REST API.",Web Development,"Git, React, Node.js, HTML, CSS, JavaScript, REST API"
"We are hiring a Cloud Developer who can deploy applications. Required skills include CI/CD, Linux, Docker, Kubernetes, AWS.",Cloud Computing,"CI/CD, Linux, Docker, Kubernetes, AWS"
"We are hiring a Full Stack Developer who can build responsive websites. Required skills include Git, JavaScript, Node.js, React, MongoDB.",Web Development,"Git, JavaScript, Node.js, React, MongoDB"
"Join our team as a Frontend Developer. You will build responsive websites and work with technologies such as HTML, Node.js, React, CSS, Git, MongoDB.",Web Development,"HTML, Node.js, React, CSS, Git, MongoDB"
"The role of Web Development Intern involves build responsive websites. Applicants should be familiar with REST API, HTML, CSS, React, JavaScript, MongoDB.",Web Development,"REST API, HTML, CSS, React, JavaScript, MongoDB"
"The role of Database Engineer involves monitor database performance. Applicants should be familiar with PostgreSQL, SQL, Database Design, Performance Tuning, MySQL, Oracle, Linux, Backup and Recovery.",Database Administration,"PostgreSQL, SQL, Database Design, Performance Tuning, MySQL, Oracle, Linux, Backup and Recovery"
"The role of Cloud Engineer involves manage cloud infrastructure. Applicants should be familiar with Azure, Git, Kubernetes, Networking, Linux, Docker, CI/CD, AWS.",Cloud Computing,"Azure, Git, Kubernetes, Networking, Linux, Docker, CI/CD, AWS"
"Cyber Security Intern required to identify vulnerabilities. Candidates should have experience with Linux, Ethical Hacking, Firewalls, Vulnerability Assessment, Python, Cryptography, SIEM.",Cyber Security,"Linux, Ethical Hacking, Firewalls, Vulnerability Assessment, Python, Cryptography, SIEM"
"The role of Cloud Computing Intern involves monitor cloud services. Applicants should be familiar with Azure, Docker, CI/CD, AWS, Linux, Kubernetes.",Cloud Computing,"Azure, Docker, CI/CD, AWS, Linux, Kubernetes"
"We are hiring a Full Stack Developer who can integrate REST APIs. Required skills include MongoDB, HTML, Node.js, JavaScript, CSS, REST API, React.",Web Development,"MongoDB, HTML, Node.js, JavaScript, CSS, REST API, React"
"The role of Cloud Developer involves configure scalable systems. Applicants should be familiar with Git, Networking, CI/CD, Kubernetes, Azure, Docker, AWS, Linux.",Cloud Computing,"Git, Networking, CI/CD, Kubernetes, Azure, Docker, AWS, Linux"
"The role of Data Science Intern involves create dashboards. Applicants should be familiar with SQL, Python, Machine Learning, Data Visualization, Pandas.",Data Science,"SQL, Python, Machine Learning, Data Visualization, Pandas"
"Join our team as a Security Engineer. You will identify vulnerabilities and work with technologies such as Linux, Python, Vulnerability Assessment, SIEM, Firewalls, Ethical Hacking, Network Security, Cryptography.",Cyber Security,"Linux, Python, Vulnerability Assessment, SIEM, Firewalls, Ethical Hacking, Network Security, Cryptography"
"Database Engineer required to optimize queries. Candidates should have experience with Linux, Performance Tuning, Oracle, Database Design, PostgreSQL, Backup and Recovery.",Database Administration,"Linux, Performance Tuning, Oracle, Database Design, PostgreSQL, Backup and Recovery"
"Join our team as a Web Developer. You will build responsive websites and work with technologies such as REST API, Node.js, MongoDB, JavaScript, React, Git, CSS.",Web Development,"REST API, Node.js, MongoDB, JavaScript, React, Git, CSS"
"Join our team as a Cloud Engineer. You will automate deployment pipelines and work with technologies such as Azure, AWS, Networking, Kubernetes, Git, Docker, Linux.",Cloud Computing,"Azure, AWS, Networking, Kubernetes, Git, Docker, Linux"
"The role of Cyber Security Analyst involves secure networks. Applicants should be familiar with Network Security, Ethical Hacking, Python, Cryptography, Firewalls, Vulnerability Assessment, SIEM, Linux.",Cyber Security,"Network Security, Ethical Hacking, Python, Cryptography, Firewalls, Vulnerability Assessment, SIEM, Linux"
"Security Engineer required to secure networks. Candidates should have experience with Linux, Ethical Hacking, Python, Firewalls, SIEM, Vulnerability Assessment.",Cyber Security,"Linux, Ethical Hacking, Python, Firewalls, SIEM, Vulnerability Assessment"
"AI Engineer required to evaluate predictive algorithms. Candidates should have experience with NumPy, Scikit-learn, Machine Learning, Python, Statistics, TensorFlow, Deep Learning.",Machine Learning,"NumPy, Scikit-learn, Machine Learning, Python, Statistics, TensorFlow, Deep Learning"
"We are hiring a Cloud Computing Intern who can configure scalable systems. Required skills include CI/CD, Kubernetes, Networking, Docker, Git, AWS.",Cloud Computing,"CI/CD, Kubernetes, Networking, Docker, Git, AWS"
"Join our team as a DevOps Engineer. You will manage cloud infrastructure and work with technologies such as Kubernetes, Networking, Azure, CI/CD, Linux.",Cloud Computing,"Kubernetes, Networking, Azure, CI/CD, Linux"
"The role of DevOps Engineer involves deploy applications. Applicants should be familiar with Linux, AWS, Git, Networking, Kubernetes, CI/CD, Azure, Docker.",Cloud Computing,"Linux, AWS, Git, Networking, Kubernetes, CI/CD, Azure, Docker"
"We are hiring a Security Engineer who can secure networks. Required skills include Network Security, Ethical Hacking, Linux, Vulnerability Assessment, Cryptography.",Cyber Security,"Network Security, Ethical Hacking, Linux, Vulnerability Assessment, Cryptography"
"Looking for a Junior Data Scientist to analyze datasets. The ideal candidate has knowledge of Machine Learning, Scikit-learn, Statistics, Data Visualization, Pandas, NumPy, SQL, Python.",Data Science,"Machine Learning, Scikit-learn, Statistics, Data Visualization, Pandas, NumPy, SQL, Python"
"The role of Cloud Engineer involves monitor cloud services. Applicants should be familiar with AWS, Git, Networking, CI/CD, Linux.",Cloud Computing,"AWS, Git, Networking, CI/CD, Linux"
"We are hiring a Junior Data Scientist who can build predictive models. Required skills include Scikit-learn, Statistics, Machine Learning, SQL, Pandas.",Data Science,"Scikit-learn, Statistics, Machine Learning, SQL, Pandas"
"Join our team as a Web Development Intern. You will integrate REST APIs and work with technologies such as Git, REST API, JavaScript, HTML, Node.js.",Web Development,"Git, REST API, JavaScript, HTML, Node.js"
"ML Engineer required to optimize model performance. Candidates should have experience with Deep Learning, Pandas, Scikit-learn, Statistics, Python, TensorFlow, Machine Learning.",Machine Learning,"Deep Learning, Pandas, Scikit-learn, Statistics, Python, TensorFlow, Machine Learning"
"Join our team as a Cloud Developer. You will deploy applications and work with technologies such as Linux, CI/CD, AWS, Networking, Docker, Git, Kubernetes.",Cloud Computing,"Linux, CI/CD, AWS, Networking, Docker, Git, Kubernetes"
"Join our team as a Database Administrator. You will optimize queries and work with technologies such as PostgreSQL, Oracle, Backup and Recovery, Linux, SQL.",Database Administration,"PostgreSQL, Oracle, Backup and Recovery, Linux, SQL"
"We are hiring a ML Data Analyst who can clean and preprocess data. Required skills include NumPy, SQL, Scikit-learn, Python, Pandas, Statistics.",Data Science,"NumPy, SQL, Scikit-learn, Python, Pandas, Statistics"
"Frontend Developer required to maintain web applications. Candidates should have experience with HTML, React, JavaScript, CSS, MongoDB, Node.js, REST API.",Web Development,"HTML, React, JavaScript, CSS, MongoDB, Node.js, REST API"
"Looking for a DevOps Engineer to configure scalable systems. The ideal candidate has knowledge of Git, Networking, CI/CD, Azure, Kubernetes, Docker.",Cloud Computing,"Git, Networking, CI/CD, Azure, Kubernetes, Docker"
"Looking for a Cloud Developer to automate deployment pipelines. The ideal candidate has knowledge of AWS, Azure, Networking, Kubernetes, Git, CI/CD.",Cloud Computing,"AWS, Azure, Networking, Kubernetes, Git, CI/CD"
"We are hiring a Machine Learning Intern who can evaluate predictive algorithms. Required skills include Pandas, Statistics, TensorFlow, Scikit-learn, Machine Learning, Python.",Machine Learning,"Pandas, Statistics, TensorFlow, Scikit-learn, Machine Learning, Python"
"The role of SQL Developer involves manage databases. Applicants should be familiar with Database Design, MySQL, SQL, PostgreSQL, Linux.",Database Administration,"Database Design, MySQL, SQL, PostgreSQL, Linux"
"Machine Learning Engineer required to evaluate predictive algorithms. Candidates should have experience with TensorFlow, Machine Learning, Deep Learning, NumPy, Python.",Machine Learning,"TensorFlow, Machine Learning, Deep Learning, NumPy, Python"
"The role of Full Stack Developer involves build responsive websites. Applicants should be familiar with Node.js, REST API, React, MongoDB, Git, HTML, JavaScript, CSS.",Web Development,"Node.js, REST API, React, MongoDB, Git, HTML, JavaScript, CSS"
"Looking for a Machine Learning Engineer to evaluate predictive algorithms. The ideal candidate has knowledge of Pandas, Deep Learning, Machine Learning, Statistics, Python, TensorFlow, Scikit-learn, NumPy.",Machine Learning,"Pandas, Deep Learning, Machine Learning, Statistics, Python, TensorFlow, Scikit-learn, NumPy"
"The role of Database Intern involves monitor database performance. Applicants should be familiar with MySQL, Oracle, Database Design, SQL, Linux, Performance Tuning, Backup and Recovery.",Database Administration,"MySQL, Oracle, Database Design, SQL, Linux, Performance Tuning, Backup and Recovery"
"Looking for a Database Engineer to optimize queries. The ideal candidate has knowledge of Database Design, Oracle, SQL, Performance Tuning, PostgreSQL.",Database Administration,"Database Design, Oracle, SQL, Performance Tuning, PostgreSQL"
"We are hiring a ML Data Analyst who can build predictive models. Required skills include Data Visualization, Pandas, Statistics, SQL, NumPy.",Data Science,"Data Visualization, Pandas, Statistics, SQL, NumPy"
"We are hiring a Cyber Security Intern who can identify vulnerabilities. Required skills include Ethical Hacking, SIEM, Cryptography, Linux, Firewalls.",Cyber Security,"Ethical Hacking, SIEM, Cryptography, Linux, Firewalls"
"We are hiring a Cloud Developer who can configure scalable systems. Required skills include CI/CD, Networking, Git, Docker, AWS.",Cloud Computing,"CI/CD, Networking, Git, Docker, AWS"
"Frontend Developer required to create user interfaces. Candidates should have experience with Node.js, HTML, MongoDB, Git, React, CSS, JavaScript.",Web Development,"Node.js, HTML, MongoDB, Git, React, CSS, JavaScript"
"Join our team as a Cloud Developer. You will monitor cloud services and work with technologies such as CI/CD, Git, AWS, Networking, Azure, Kubernetes, Docker, Linux.",Cloud Computing,"CI/CD, Git, AWS, Networking, Azure, Kubernetes, Docker, Linux"
"Looking for a Frontend Developer to build responsive websites. The ideal candidate has knowledge of React, JavaScript, MongoDB, CSS, Node.js, HTML.",Web Development,"React, JavaScript, MongoDB, CSS, Node.js, HTML"
"We are hiring a Security Engineer who can monitor security events. Required skills include Vulnerability Assessment, Python, SIEM, Cryptography, Network Security, Linux, Ethical Hacking.",Cyber Security,"Vulnerability Assessment, Python, SIEM, Cryptography, Network Security, Linux, Ethical Hacking"
"Join our team as a Database Engineer. You will design database schemas and work with technologies such as Performance Tuning, Database Design, MySQL, Backup and Recovery, Linux, PostgreSQL, SQL.",Database Administration,"Performance Tuning, Database Design, MySQL, Backup and Recovery, Linux, PostgreSQL, SQL"
"We are hiring a Web Development Intern who can develop web applications. Required skills include HTML, Git, JavaScript, Node.js, CSS.",Web Development,"HTML, Git, JavaScript, Node.js, CSS"
"Join our team as a Security Engineer. You will perform security assessments and work with technologies such as Vulnerability Assessment, Ethical Hacking, SIEM, Network Security, Firewalls, Cryptography, Python.",Cyber Security,"Vulnerability Assessment, Ethical Hacking, SIEM, Network Security, Firewalls, Cryptography, Python"
"The role of Cloud Computing Intern involves automate deployment pipelines. Applicants should be familiar with Azure, Linux, AWS, Docker, CI/CD.",Cloud Computing,"Azure, Linux, AWS, Docker, CI/CD"
"Cloud Computing Intern required to manage cloud infrastructure. Candidates should have experience with Kubernetes, CI/CD, Networking, Linux, Docker, AWS.",Cloud Computing,"Kubernetes, CI/CD, Networking, Linux, Docker, AWS"
"SQL Developer required to design database schemas. Candidates should have experience with Backup and Recovery, MySQL, Linux, PostgreSQL, Database Design, Oracle, SQL, Performance Tuning.",Database Administration,"Backup and Recovery, MySQL, Linux, PostgreSQL, Database Design, Oracle, SQL, Performance Tuning"
"Join our team as a Full Stack Developer. You will build responsive websites and work with technologies such as CSS, React, JavaScript, REST API, HTML, MongoDB, Git.",Web Development,"CSS, React, JavaScript, REST API, HTML, MongoDB, Git"
"We are hiring a Database Administrator who can manage databases. Required skills include Database Design, PostgreSQL, Oracle, Linux, SQL, Backup and Recovery.",Database Administration,"Database Design, PostgreSQL, Oracle, Linux, SQL, Backup and Recovery"
"Data Scientist required to clean and preprocess data. Candidates should have experience with Pandas, SQL, Data Visualization, NumPy, Python.",Data Science,"Pandas, SQL, Data Visualization, NumPy, Python"
"Join our team as a Full Stack Developer. You will build responsive websites and work with technologies such as REST API, JavaScript, MongoDB, Node.js, CSS.",Web Development,"REST API, JavaScript, MongoDB, Node.js, CSS"
"We are hiring a Machine Learning Engineer who can evaluate predictive algorithms. Required skills include Statistics, Deep Learning, Scikit-learn, Pandas, Python.",Machine Learning,"Statistics, Deep Learning, Scikit-learn, Pandas, Python"
"Join our team as a Security Engineer. You will respond to security incidents and work with technologies such as Linux, Vulnerability Assessment, Python, Ethical Hacking, Cryptography, SIEM, Firewalls.",Cyber Security,"Linux, Vulnerability Assessment, Python, Ethical Hacking, Cryptography, SIEM, Firewalls"
"We are hiring a Junior Data Scientist who can build predictive models. Required skills include Scikit-learn, NumPy, SQL, Pandas, Machine Learning, Statistics, Data Visualization.",Data Science,"Scikit-learn, NumPy, SQL, Pandas, Machine Learning, Statistics, Data Visualization"
"Join our team as a DevOps Engineer. You will configure scalable systems and work with technologies such as Kubernetes, Linux, Docker, Git, AWS, CI/CD.",Cloud Computing,"Kubernetes, Linux, Docker, Git, AWS, CI/CD"
"Looking for a Machine Learning Intern to develop AI solutions. The ideal candidate has knowledge of NumPy, Scikit-learn, TensorFlow, Pandas, Machine Learning.",Machine Learning,"NumPy, Scikit-learn, TensorFlow, Pandas, Machine Learning"
"Join our team as a Machine Learning Engineer. You will develop AI solutions and work with technologies such as NumPy, Python, TensorFlow, Deep Learning, Machine Learning, Statistics, Scikit-learn, Pandas.",Machine Learning,"NumPy, Python, TensorFlow, Deep Learning, Machine Learning, Statistics, Scikit-learn, Pandas"
"Join our team as a Cyber Security Analyst. You will secure networks and work with technologies such as Linux, Network Security, SIEM, Ethical Hacking, Firewalls, Cryptography, Vulnerability Assessment, Python.",Cyber Security,"Linux, Network Security, SIEM, Ethical Hacking, Firewalls, Cryptography, Vulnerability Assessment, Python"
"Join our team as a Web Developer. You will maintain web applications and work with technologies such as REST API, HTML, Git, JavaScript, CSS.",Web Development,"REST API, HTML, Git, JavaScript, CSS"
"We are hiring a Web Development Intern who can develop web applications. Required skills include Git, CSS, React, HTML, JavaScript.",Web Development,"Git, CSS, React, HTML, JavaScript"
"AI Engineer required to prepare datasets. Candidates should have experience with Deep Learning, Machine Learning, Scikit-learn, Statistics, NumPy, TensorFlow.",Machine Learning,"Deep Learning, Machine Learning, Scikit-learn, Statistics, NumPy, TensorFlow"
"We are hiring a Cloud Computing Intern who can automate deployment pipelines. Required skills include Kubernetes, Docker, Linux, AWS, Azure, CI/CD.",Cloud Computing,"Kubernetes, Docker, Linux, AWS, Azure, CI/CD"
"Looking for a Machine Learning Engineer to train machine learning models. The ideal candidate has knowledge of Deep Learning, Scikit-learn, TensorFlow, Machine Learning, Statistics, Python.",Machine Learning,"Deep Learning, Scikit-learn, TensorFlow, Machine Learning, Statistics, Python"
"Database Engineer required to manage databases. Candidates should have experience with Oracle, Linux, PostgreSQL, SQL, Backup and Recovery, Performance Tuning.",Database Administration,"Oracle, Linux, PostgreSQL, SQL, Backup and Recovery, Performance Tuning"
"The role of Information Security Analyst involves perform security assessments. Applicants should be familiar with Linux, Cryptography, Network Security, SIEM, Python, Vulnerability Assessment, Firewalls, Ethical Hacking.",Cyber Security,"Linux, Cryptography, Network Security, SIEM, Python, Vulnerability Assessment, Firewalls, Ethical Hacking"
"We are hiring a Information Security Analyst who can perform security assessments. Required skills include Linux, Firewalls, Ethical Hacking, Python, Vulnerability Assessment, Network Security.",Cyber Security,"Linux, Firewalls, Ethical Hacking, Python, Vulnerability Assessment, Network Security"
"Join our team as a Information Security Analyst. You will respond to security incidents and work with technologies such as Vulnerability Assessment, Linux, Cryptography, SIEM, Python, Firewalls, Ethical Hacking.",Cyber Security,"Vulnerability Assessment, Linux, Cryptography, SIEM, Python, Firewalls, Ethical Hacking"
"Looking for a Database Engineer to monitor database performance. The ideal candidate has knowledge of Backup and Recovery, Performance Tuning, PostgreSQL, Linux, Database Design.",Database Administration,"Backup and Recovery, Performance Tuning, PostgreSQL, Linux, Database Design"
"Cloud Computing Intern required to monitor cloud services. Candidates should have experience with Networking, Azure, Linux, Kubernetes, Docker, Git, AWS, CI/CD.",Cloud Computing,"Networking, Azure, Linux, Kubernetes, Docker, Git, AWS, CI/CD"
"We are hiring a Full Stack Developer who can build responsive websites. Required skills include REST API, MongoDB, Node.js, Git, HTML, JavaScript.",Web Development,"REST API, MongoDB, Node.js, Git, HTML, JavaScript"
"Looking for a SQL Developer to monitor database performance. The ideal candidate has knowledge of Linux, Database Design, Performance Tuning, Oracle, MySQL, SQL, Backup and Recovery.",Database Administration,"Linux, Database Design, Performance Tuning, Oracle, MySQL, SQL, Backup and Recovery"
"The role of Machine Learning Engineer involves prepare datasets. Applicants should be familiar with TensorFlow, Pandas, Python, Statistics, NumPy, Deep Learning, Scikit-learn, Machine Learning.",Machine Learning,"TensorFlow, Pandas, Python, Statistics, NumPy, Deep Learning, Scikit-learn, Machine Learning"
"DevOps Engineer required to configure scalable systems. Candidates should have experience with Linux, Kubernetes, CI/CD, Docker, Azure.",Cloud Computing,"Linux, Kubernetes, CI/CD, Docker, Azure"
"The role of ML Data Analyst involves create dashboards. Applicants should be familiar with Statistics, Data Visualization, Machine Learning, Python, SQL, Pandas, Scikit-learn, NumPy.",Data Science,"Statistics, Data Visualization, Machine Learning, Python, SQL, Pandas, Scikit-learn, NumPy"
"The role of Machine Learning Engineer involves train machine learning models. Applicants should be familiar with Scikit-learn, Statistics, Pandas, NumPy, Machine Learning, Python.",Machine Learning,"Scikit-learn, Statistics, Pandas, NumPy, Machine Learning, Python"
"The role of Full Stack Developer involves maintain web applications. Applicants should be familiar with MongoDB, React, JavaScript, CSS, HTML, Node.js, Git, REST API.",Web Development,"MongoDB, React, JavaScript, CSS, HTML, Node.js, Git, REST API"
"We are hiring a Database Intern who can monitor database performance. Required skills include Linux, Oracle, PostgreSQL, Performance Tuning, SQL, Database Design.",Database Administration,"Linux, Oracle, PostgreSQL, Performance Tuning, SQL, Database Design"
"Join our team as a Cloud Engineer. You will configure scalable systems and work with technologies such as Azure, Kubernetes, CI/CD, AWS, Linux.",Cloud Computing,"Azure, Kubernetes, CI/CD, AWS, Linux"
"The role of Security Engineer involves secure networks. Applicants should be familiar with Cryptography, Linux, Network Security, Firewalls, Vulnerability Assessment, Python, Ethical Hacking, SIEM.",Cyber Security,"Cryptography, Linux, Network Security, Firewalls, Vulnerability Assessment, Python, Ethical Hacking, SIEM"
"We are hiring a Database Engineer who can optimize queries. Required skills include PostgreSQL, Oracle, Database Design, Linux, SQL, Backup and Recovery, MySQL, Performance Tuning.",Database Administration,"PostgreSQL, Oracle, Database Design, Linux, SQL, Backup and Recovery, MySQL, Performance Tuning"
"Looking for a DevOps Engineer to automate deployment pipelines. The ideal candidate has knowledge of Git, Networking, Kubernetes, AWS, Linux, Docker, CI/CD, Azure.",Cloud Computing,"Git, Networking, Kubernetes, AWS, Linux, Docker, CI/CD, Azure"
"We are hiring a SQL Developer who can optimize queries. Required skills include Database Design, SQL, Performance Tuning, PostgreSQL, MySQL.",Database Administration,"Database Design, SQL, Performance Tuning, PostgreSQL, MySQL"
"Join our team as a Security Engineer. You will identify vulnerabilities and work with technologies such as Ethical Hacking, Cryptography, Firewalls, Python, SIEM, Vulnerability Assessment.",Cyber Security,"Ethical Hacking, Cryptography, Firewalls, Python, SIEM, Vulnerability Assessment"
"The role of Cloud Computing Intern involves automate deployment pipelines. Applicants should be familiar with Azure, Docker, CI/CD, Networking, AWS, Linux, Git.",Cloud Computing,"Azure, Docker, CI/CD, Networking, AWS, Linux, Git"
"Join our team as a Database Engineer. You will perform backups and work with technologies such as PostgreSQL, Database Design, Backup and Recovery, SQL, MySQL, Performance Tuning.",Database Administration,"PostgreSQL, Database Design, Backup and Recovery, SQL, MySQL, Performance Tuning"
"Looking for a AI Engineer to train machine learning models. The ideal candidate has knowledge of Deep Learning, Scikit-learn, Machine Learning, Statistics, Python, Pandas, TensorFlow.",Machine Learning,"Deep Learning, Scikit-learn, Machine Learning, Statistics, Python, Pandas, TensorFlow"
"SQL Developer required to perform backups. Candidates should have experience with MySQL, Database Design, Performance Tuning, Oracle, PostgreSQL, Backup and Recovery.",Database Administration,"MySQL, Database Design, Performance Tuning, Oracle, PostgreSQL, Backup and Recovery"
"Looking for a Cyber Security Intern to perform security assessments. The ideal candidate has knowledge of Python, Vulnerability Assessment, SIEM, Ethical Hacking, Network Security.",Cyber Security,"Python, Vulnerability Assessment, SIEM, Ethical Hacking, Network Security"
"We are hiring a Cyber Security Analyst who can monitor security events. Required skills include Firewalls, Cryptography, Network Security, Vulnerability Assessment, Linux, Python.",Cyber Security,"Firewalls, Cryptography, Network Security, Vulnerability Assessment, Linux, Python"
"We are hiring a Web Developer who can maintain web applications. Required skills include Git, CSS, REST API, Node.js, MongoDB.",Web Development,"Git, CSS, REST API, Node.js, MongoDB"
"The role of Frontend Developer involves maintain web applications. Applicants should be familiar with HTML, REST API, MongoDB, Git, Node.js, JavaScript, CSS.",Web Development,"HTML, REST API, MongoDB, Git, Node.js, JavaScript, CSS"
"Cyber Security Analyst required to monitor security events. Candidates should have experience with Python, Vulnerability Assessment, Firewalls, SIEM, Network Security, Cryptography, Ethical Hacking.",Cyber Security,"Python, Vulnerability Assessment, Firewalls, SIEM, Network Security, Cryptography, Ethical Hacking"
"We are hiring a Cyber Security Intern who can perform security assessments. Required skills include Ethical Hacking, Python, Vulnerability Assessment, Cryptography, SIEM, Linux, Network Security.",Cyber Security,"Ethical Hacking, Python, Vulnerability Assessment, Cryptography, SIEM, Linux, Network Security"
"Join our team as a Information Security Analyst. You will secure networks and work with technologies such as Ethical Hacking, Vulnerability Assessment, Cryptography, Firewalls, SIEM, Network Security, Linux, Python.",Cyber Security,"Ethical Hacking, Vulnerability Assessment, Cryptography, Firewalls, SIEM, Network Security, Linux, Python"
"Looking for a Cloud Engineer to manage cloud infrastructure. The ideal candidate has knowledge of CI/CD, Linux, Networking, Docker, Azure.",Cloud Computing,"CI/CD, Linux, Networking, Docker, Azure"
"We are hiring a DevOps Engineer who can automate deployment pipelines. Required skills include Kubernetes, Docker, Networking, Linux, AWS.",Cloud Computing,"Kubernetes, Docker, Networking, Linux, AWS"
"Join our team as a Full Stack Developer. You will integrate REST APIs and work with technologies such as CSS, Git, Node.js, HTML, JavaScript, REST API, React.",Web Development,"CSS, Git, Node.js, HTML, JavaScript, REST API, React"
"SQL Developer required to monitor database performance. Candidates should have experience with Backup and Recovery, SQL, Database Design, Linux, Oracle, Performance Tuning, MySQL, PostgreSQL.",Database Administration,"Backup and Recovery, SQL, Database Design, Linux, Oracle, Performance Tuning, MySQL, PostgreSQL"
"We are hiring a ML Engineer who can train machine learning models. Required skills include Python, Deep Learning, Statistics, Scikit-learn, NumPy.",Machine Learning,"Python, Deep Learning, Statistics, Scikit-learn, NumPy"
"Looking for a DevOps Engineer to manage cloud infrastructure. The ideal candidate has knowledge of Kubernetes, Azure, AWS, Networking, Git, Linux.",Cloud Computing,"Kubernetes, Azure, AWS, Networking, Git, Linux"
"Database Administrator required to optimize queries. Candidates should have experience with Oracle, SQL, MySQL, Backup and Recovery, Linux, PostgreSQL, Database Design.",Database Administration,"Oracle, SQL, MySQL, Backup and Recovery, Linux, PostgreSQL, Database Design"
"The role of Web Development Intern involves build responsive websites. Applicants should be familiar with Git, CSS, React, MongoDB, JavaScript, Node.js, REST API, HTML.",Web Development,"Git, CSS, React, MongoDB, JavaScript, Node.js, REST API, HTML"
"DevOps Engineer required to manage cloud infrastructure. Candidates should have experience with Azure, AWS, CI/CD, Networking, Kubernetes, Git, Docker.",Cloud Computing,"Azure, AWS, CI/CD, Networking, Kubernetes, Git, Docker"
"We are hiring a Frontend Developer who can build responsive websites. Required skills include React, HTML, CSS, JavaScript, Git, REST API.",Web Development,"React, HTML, CSS, JavaScript, Git, REST API"
"Join our team as a Information Security Analyst. You will perform security assessments and work with technologies such as Network Security, Linux, Python, Cryptography, Vulnerability Assessment, Firewalls.",Cyber Security,"Network Security, Linux, Python, Cryptography, Vulnerability Assessment, Firewalls"
"Looking for a Full Stack Developer to integrate REST APIs. The ideal candidate has knowledge of Node.js, CSS, JavaScript, Git, REST API, MongoDB, React.",Web Development,"Node.js, CSS, JavaScript, Git, REST API, MongoDB, React"
"Looking for a SQL Developer to optimize queries. The ideal candidate has knowledge of MySQL, Performance Tuning, Database Design, PostgreSQL, Backup and Recovery.",Database Administration,"MySQL, Performance Tuning, Database Design, PostgreSQL, Backup and Recovery"
"The role of Machine Learning Engineer involves prepare datasets. Applicants should be familiar with Statistics, Deep Learning, Machine Learning, TensorFlow, NumPy, Scikit-learn, Python, Pandas.",Machine Learning,"Statistics, Deep Learning, Machine Learning, TensorFlow, NumPy, Scikit-learn, Python, Pandas"
"Machine Learning Engineer required to optimize model performance. Candidates should have experience with Statistics, NumPy, Machine Learning, Pandas, Deep Learning, Python, Scikit-learn, TensorFlow.",Machine Learning,"Statistics, NumPy, Machine Learning, Pandas, Deep Learning, Python, Scikit-learn, TensorFlow"
"The role of Web Developer involves build responsive websites. Applicants should be familiar with JavaScript, MongoDB, HTML, CSS, React.",Web Development,"JavaScript, MongoDB, HTML, CSS, React"
"Web Development Intern required to integrate REST APIs. Candidates should have experience with REST API, React, CSS, MongoDB, JavaScript, Git.",Web Development,"REST API, React, CSS, MongoDB, JavaScript, Git"
"We are hiring a Cyber Security Analyst who can perform security assessments. Required skills include Vulnerability Assessment, Firewalls, Network Security, Linux, SIEM, Ethical Hacking.",Cyber Security,"Vulnerability Assessment, Firewalls, Network Security, Linux, SIEM, Ethical Hacking"
"Join our team as a DevOps Engineer. You will configure scalable systems and work with technologies such as Azure, Docker, Git, AWS, Kubernetes, CI/CD.",Cloud Computing,"Azure, Docker, Git, AWS, Kubernetes, CI/CD"
"DevOps Engineer required to monitor cloud services. Candidates should have experience with Docker, CI/CD, AWS, Networking, Linux.",Cloud Computing,"Docker, CI/CD, AWS, Networking, Linux"
"Looking for a ML Engineer to evaluate predictive algorithms. The ideal candidate has knowledge of Deep Learning, Scikit-learn, NumPy, Pandas, Statistics, Python, Machine Learning.",Machine Learning,"Deep Learning, Scikit-learn, NumPy, Pandas, Statistics, Python, Machine Learning"
"Database Engineer required to design database schemas. Candidates should have experience with Database Design, Performance Tuning, PostgreSQL, Oracle, SQL, MySQL, Linux.",Database Administration,"Database Design, Performance Tuning, PostgreSQL, Oracle, SQL, MySQL, Linux"
"We are hiring a Cyber Security Analyst who can secure networks. Required skills include Firewalls, Python, SIEM, Linux, Cryptography, Ethical Hacking, Vulnerability Assessment.",Cyber Security,"Firewalls, Python, SIEM, Linux, Cryptography, Ethical Hacking, Vulnerability Assessment"
"We are hiring a Cloud Computing Intern who can deploy applications. Required skills include Git, CI/CD, Docker, Linux, Kubernetes, AWS, Azure, Networking.",Cloud Computing,"Git, CI/CD, Docker, Linux, Kubernetes, AWS, Azure, Networking"
"Looking for a Frontend Developer to create user interfaces. The ideal candidate has knowledge of React, MongoDB, REST API, Git, JavaScript.",Web Development,"React, MongoDB, REST API, Git, JavaScript"
"Join our team as a Database Administrator. You will monitor database performance and work with technologies such as Performance Tuning, Database Design, SQL, Linux, Backup and Recovery, Oracle, MySQL.",Database Administration,"Performance Tuning, Database Design, SQL, Linux, Backup and Recovery, Oracle, MySQL"
"Machine Learning Intern required to train machine learning models. Candidates should have experience with Statistics, Python, NumPy, TensorFlow, Machine Learning, Pandas.",Machine Learning,"Statistics, Python, NumPy, TensorFlow, Machine Learning, Pandas"
"Join our team as a SQL Developer. You will perform backups and work with technologies such as Oracle, Backup and Recovery, MySQL, Database Design, SQL, Performance Tuning, PostgreSQL, Linux.",Database Administration,"Oracle, Backup and Recovery, MySQL, Database Design, SQL, Performance Tuning, PostgreSQL, Linux"
"Join our team as a Data Science Intern. You will build predictive models and work with technologies such as Statistics, NumPy, SQL, Data Visualization, Pandas, Python, Scikit-learn.",Data Science,"Statistics, NumPy, SQL, Data Visualization, Pandas, Python, Scikit-learn"
"The role of Frontend Developer involves build responsive websites. Applicants should be familiar with CSS, Git, MongoDB, React, HTML, JavaScript, REST API.",Web Development,"CSS, Git, MongoDB, React, HTML, JavaScript, REST API"
"The role of Database Administrator involves perform backups. Applicants should be familiar with Database Design, Linux, PostgreSQL, MySQL, SQL, Backup and Recovery, Oracle, Performance Tuning.",Database Administration,"Database Design, Linux, PostgreSQL, MySQL, SQL, Backup and Recovery, Oracle, Performance Tuning"
"The role of Cyber Security Intern involves respond to security incidents. Applicants should be familiar with Linux, Network Security, Ethical Hacking, Vulnerability Assessment, SIEM.",Cyber Security,"Linux, Network Security, Ethical Hacking, Vulnerability Assessment, SIEM"
"Join our team as a Full Stack Developer. You will develop web applications and work with technologies such as REST API, Git, MongoDB, React, JavaScript, HTML, CSS, Node.js.",Web Development,"REST API, Git, MongoDB, React, JavaScript, HTML, CSS, Node.js"
"We are hiring a Cyber Security Intern who can respond to security incidents. Required skills include SIEM, Vulnerability Assessment, Linux, Network Security, Cryptography.",Cyber Security,"SIEM, Vulnerability Assessment, Linux, Network Security, Cryptography"
"The role of ML Data Analyst involves create dashboards. Applicants should be familiar with Statistics, Machine Learning, Python, NumPy, Data Visualization, Scikit-learn, Pandas.",Data Science,"Statistics, Machine Learning, Python, NumPy, Data Visualization, Scikit-learn, Pandas"
"Full Stack Developer required to develop web applications. Candidates should have experience with JavaScript, Node.js, MongoDB, React, Git.",Web Development,"JavaScript, Node.js, MongoDB, React, Git"
"Looking for a ML Data Analyst to clean and preprocess data. The ideal candidate has knowledge of Scikit-learn, Python, SQL, NumPy, Pandas, Data Visualization, Statistics, Machine Learning.",Data Science,"Scikit-learn, Python, SQL, NumPy, Pandas, Data Visualization, Statistics, Machine Learning"
"Looking for a AI Engineer to train machine learning models. The ideal candidate has knowledge of Scikit-learn, Machine Learning, NumPy, Pandas, Deep Learning, Statistics, Python, TensorFlow.",Machine Learning,"Scikit-learn, Machine Learning, NumPy, Pandas, Deep Learning, Statistics, Python, TensorFlow"
"Data Science Intern required to create dashboards. Candidates should have experience with Data Visualization, SQL, Python, Pandas, NumPy.",Data Science,"Data Visualization, SQL, Python, Pandas, NumPy"
"Looking for a AI Engineer to train machine learning models. The ideal candidate has knowledge of Python, Statistics, Scikit-learn, NumPy, Deep Learning, TensorFlow, Pandas.",Machine Learning,"Python, Statistics, Scikit-learn, NumPy, Deep Learning, TensorFlow, Pandas"
"The role of Web Development Intern involves maintain web applications. Applicants should be familiar with MongoDB, CSS, REST API, Node.js, JavaScript, HTML, React, Git.",Web Development,"MongoDB, CSS, REST API, Node.js, JavaScript, HTML, React, Git"
"Join our team as a Cloud Engineer. You will automate deployment pipelines and work with technologies such as Kubernetes, Linux, Azure, AWS, Networking.",Cloud Computing,"Kubernetes, Linux, Azure, AWS, Networking"
"We are hiring a Web Developer who can create user interfaces. Required skills include REST API, JavaScript, MongoDB, HTML, Git.",Web Development,"REST API, JavaScript, MongoDB, HTML, Git"
"Join our team as a Data Scientist. You will analyze datasets and work with technologies such as Statistics, SQL, Machine Learning, Data Visualization, NumPy.",Data Science,"Statistics, SQL, Machine Learning, Data Visualization, NumPy"
"We are hiring a ML Data Analyst who can build predictive models. Required skills include Statistics, Pandas, Python, NumPy, Machine Learning, Scikit-learn.",Data Science,"Statistics, Pandas, Python, NumPy, Machine Learning, Scikit-learn"
"Join our team as a Data Scientist. You will create dashboards and work with technologies such as Statistics, Pandas, Scikit-learn, NumPy, SQL, Data Visualization, Python.",Data Science,"Statistics, Pandas, Scikit-learn, NumPy, SQL, Data Visualization, Python"
"The role of Full Stack Developer involves create user interfaces. Applicants should be familiar with JavaScript, React, Node.js, REST API, HTML.",Web Development,"JavaScript, React, Node.js, REST API, HTML"
"Looking for a Full Stack Developer to build responsive websites. The ideal candidate has knowledge of JavaScript, MongoDB, REST API, Git, React, CSS, Node.js, HTML.",Web Development,"JavaScript, MongoDB, REST API, Git, React, CSS, Node.js, HTML"
"The role of AI Engineer involves prepare datasets. Applicants should be familiar with Pandas, Python, Deep Learning, TensorFlow, NumPy, Machine Learning, Statistics, Scikit-learn.",Machine Learning,"Pandas, Python, Deep Learning, TensorFlow, NumPy, Machine Learning, Statistics, Scikit-learn"
"We are hiring a Information Security Analyst who can perform security assessments. Required skills include Network Security, SIEM, Cryptography, Vulnerability Assessment, Ethical Hacking, Linux, Python, Firewalls.",Cyber Security,"Network Security, SIEM, Cryptography, Vulnerability Assessment, Ethical Hacking, Linux, Python, Firewalls"
"Looking for a Cyber Security Analyst to monitor security events. The ideal candidate has knowledge of Linux, Vulnerability Assessment, SIEM, Ethical Hacking, Network Security, Python, Firewalls.",Cyber Security,"Linux, Vulnerability Assessment, SIEM, Ethical Hacking, Network Security, Python, Firewalls"
"Looking for a ML Engineer to optimize model performance. The ideal candidate has knowledge of Python, Scikit-learn, Deep Learning, NumPy, TensorFlow, Statistics.",Machine Learning,"Python, Scikit-learn, Deep Learning, NumPy, TensorFlow, Statistics"
"Join our team as a SQL Developer. You will manage databases and work with technologies such as MySQL, PostgreSQL, Linux, Performance Tuning, SQL, Oracle, Backup and Recovery, Database Design.",Database Administration,"MySQL, PostgreSQL, Linux, Performance Tuning, SQL, Oracle, Backup and Recovery, Database Design"
"The role of Junior Data Scientist involves analyze datasets. Applicants should be familiar with Data Visualization, Statistics, Machine Learning, Python, Scikit-learn, SQL, Pandas.",Data Science,"Data Visualization, Statistics, Machine Learning, Python, Scikit-learn, SQL, Pandas"
"We are hiring a Junior Data Scientist who can build predictive models. Required skills include Pandas, Scikit-learn, NumPy, Data Visualization, Statistics, Machine Learning, SQL, Python.",Data Science,"Pandas, Scikit-learn, NumPy, Data Visualization, Statistics, Machine Learning, SQL, Python"
"We are hiring a ML Engineer who can optimize model performance. Required skills include TensorFlow, Python, Deep Learning, Pandas, Machine Learning, Scikit-learn, NumPy, Statistics.",Machine Learning,"TensorFlow, Python, Deep Learning, Pandas, Machine Learning, Scikit-learn, NumPy, Statistics"
"Database Intern required to perform backups. Candidates should have experience with Linux, Backup and Recovery, SQL, Database Design, PostgreSQL, Oracle.",Database Administration,"Linux, Backup and Recovery, SQL, Database Design, PostgreSQL, Oracle"
"Join our team as a DevOps Engineer. You will monitor cloud services and work with technologies such as Azure, CI/CD, Networking, Git, Docker, Kubernetes, Linux, AWS.",Cloud Computing,"Azure, CI/CD, Networking, Git, Docker, Kubernetes, Linux, AWS"
"Database Engineer required to optimize queries. Candidates should have experience with SQL, PostgreSQL, Database Design, Performance Tuning, Linux, Oracle, Backup and Recovery, MySQL.",Database Administration,"SQL, PostgreSQL, Database Design, Performance Tuning, Linux, Oracle, Backup and Recovery, MySQL"
"Join our team as a Frontend Developer. You will develop web applications and work with technologies such as JavaScript, Git, MongoDB, Node.js, HTML, REST API, React.",Web Development,"JavaScript, Git, MongoDB, Node.js, HTML, REST API, React"
"Looking for a Security Engineer to perform security assessments. The ideal candidate has knowledge of SIEM, Firewalls, Vulnerability Assessment, Python, Network Security.",Cyber Security,"SIEM, Firewalls, Vulnerability Assessment, Python, Network Security"
"Looking for a Database Administrator to manage databases. The ideal candidate has knowledge of MySQL, Oracle, Backup and Recovery, PostgreSQL, Database Design.",Database Administration,"MySQL, Oracle, Backup and Recovery, PostgreSQL, Database Design"
"The role of ML Data Analyst involves analyze datasets. Applicants should be familiar with Scikit-learn, SQL, Machine Learning, Data Visualization, Python, Pandas, Statistics.",Data Science,"Scikit-learn, SQL, Machine Learning, Data Visualization, Python, Pandas, Statistics"
"We are hiring a Database Intern who can perform backups. Required skills include Database Design, Performance Tuning, Linux, Backup and Recovery, PostgreSQL, SQL, MySQL.",Database Administration,"Database Design, Performance Tuning, Linux, Backup and Recovery, PostgreSQL, SQL, MySQL"
"Database Administrator required to manage databases. Candidates should have experience with PostgreSQL, Oracle, SQL, MySQL, Database Design, Performance Tuning, Linux, Backup and Recovery.",Database Administration,"PostgreSQL, Oracle, SQL, MySQL, Database Design, Performance Tuning, Linux, Backup and Recovery"
"Join our team as a Machine Learning Intern. You will develop AI solutions and work with technologies such as Python, Machine Learning, Pandas, Deep Learning, NumPy, Statistics.",Machine Learning,"Python, Machine Learning, Pandas, Deep Learning, NumPy, Statistics"
"The role of DevOps Engineer involves manage cloud infrastructure. Applicants should be familiar with Kubernetes, AWS, Networking, Git, Linux, CI/CD, Azure, Docker.",Cloud Computing,"Kubernetes, AWS, Networking, Git, Linux, CI/CD, Azure, Docker"
"Machine Learning Intern required to develop AI solutions. Candidates should have experience with Python, Statistics, Deep Learning, Scikit-learn, Machine Learning, TensorFlow, Pandas.",Machine Learning,"Python, Statistics, Deep Learning, Scikit-learn, Machine Learning, TensorFlow, Pandas"
"Join our team as a Cloud Developer. You will automate deployment pipelines and work with technologies such as Networking, Azure, Git, CI/CD, AWS.",Cloud Computing,"Networking, Azure, Git, CI/CD, AWS"
"The role of DevOps Engineer involves manage cloud infrastructure. Applicants should be familiar with Kubernetes, AWS, Networking, Azure, Git, CI/CD.",Cloud Computing,"Kubernetes, AWS, Networking, Azure, Git, CI/CD"
"Looking for a AI Engineer to evaluate predictive algorithms. The ideal candidate has knowledge of Scikit-learn, Statistics, Pandas, Python, Deep Learning, Machine Learning, NumPy, TensorFlow.",Machine Learning,"Scikit-learn, Statistics, Pandas, Python, Deep Learning, Machine Learning, NumPy, TensorFlow"
"The role of ML Engineer involves optimize model performance. Applicants should be familiar with Deep Learning, Python, Machine Learning, TensorFlow, NumPy, Pandas, Scikit-learn, Statistics.",Machine Learning,"Deep Learning, Python, Machine Learning, TensorFlow, NumPy, Pandas, Scikit-learn, Statistics"
"Join our team as a Data Scientist. You will create dashboards and work with technologies such as Statistics, Python, NumPy, Scikit-learn, Machine Learning.",Data Science,"Statistics, Python, NumPy, Scikit-learn, Machine Learning"
"ML Engineer required to optimize model performance. Candidates should have experience with Python, Deep Learning, Pandas, TensorFlow, Statistics, Scikit-learn, Machine Learning, NumPy.",Machine Learning,"Python, Deep Learning, Pandas, TensorFlow, Statistics, Scikit-learn, Machine Learning, NumPy"
"Looking for a Database Engineer to optimize queries. The ideal candidate has knowledge of MySQL, Oracle, Database Design, SQL, Linux, PostgreSQL.",Database Administration,"MySQL, Oracle, Database Design, SQL, Linux, PostgreSQL"
"Join our team as a Database Administrator. You will monitor database performance and work with technologies such as Linux, Performance Tuning, MySQL, Database Design, Backup and Recovery, Oracle.",Database Administration,"Linux, Performance Tuning, MySQL, Database Design, Backup and Recovery, Oracle"
"Join our team as a Cyber Security Intern. You will secure networks and work with technologies such as Python, Vulnerability Assessment, Ethical Hacking, Linux, SIEM, Network Security, Cryptography, Firewalls.",Cyber Security,"Python, Vulnerability Assessment, Ethical Hacking, Linux, SIEM, Network Security, Cryptography, Firewalls"
"We are hiring a Web Development Intern who can build responsive websites. Required skills include REST API, Git, JavaScript, React, MongoDB, HTML, CSS.",Web Development,"REST API, Git, JavaScript, React, MongoDB, HTML, CSS"
"Looking for a ML Engineer to train machine learning models. The ideal candidate has knowledge of Scikit-learn, Pandas, Machine Learning, Python, Statistics, NumPy, TensorFlow.",Machine Learning,"Scikit-learn, Pandas, Machine Learning, Python, Statistics, NumPy, TensorFlow"
"Looking for a Information Security Analyst to respond to security incidents. The ideal candidate has knowledge of Linux, Vulnerability Assessment, Ethical Hacking, Cryptography, Python, SIEM, Firewalls.",Cyber Security,"Linux, Vulnerability Assessment, Ethical Hacking, Cryptography, Python, SIEM, Firewalls"
"Database Intern required to monitor database performance. Candidates should have experience with SQL, Database Design, PostgreSQL, Performance Tuning, Oracle, MySQL.",Database Administration,"SQL, Database Design, PostgreSQL, Performance Tuning, Oracle, MySQL"
"Join our team as a SQL Developer. You will optimize queries and work with technologies such as PostgreSQL, Backup and Recovery, Database Design, Linux, Oracle, Performance Tuning, MySQL, SQL.",Database Administration,"PostgreSQL, Backup and Recovery, Database Design, Linux, Oracle, Performance Tuning, MySQL, SQL"
"Join our team as a Machine Learning Intern. You will evaluate predictive algorithms and work with technologies such as NumPy, Machine Learning, Statistics, TensorFlow, Scikit-learn, Python, Deep Learning, Pandas.",Machine Learning,"NumPy, Machine Learning, Statistics, TensorFlow, Scikit-learn, Python, Deep Learning, Pandas"
"Join our team as a Cloud Computing Intern. You will automate deployment pipelines and work with technologies such as Linux, Kubernetes, CI/CD, Docker, Git, Azure, AWS.",Cloud Computing,"Linux, Kubernetes, CI/CD, Docker, Git, Azure, AWS"
"We are hiring a Web Developer who can integrate REST APIs. Required skills include Node.js, Git, React, CSS, HTML, REST API.",Web Development,"Node.js, Git, React, CSS, HTML, REST API"
"The role of Junior Data Scientist involves build predictive models. Applicants should be familiar with Statistics, Machine Learning, Scikit-learn, Pandas, SQL.",Data Science,"Statistics, Machine Learning, Scikit-learn, Pandas, SQL"
"We are hiring a AI Engineer who can optimize model performance. Required skills include NumPy, TensorFlow, Python, Pandas, Deep Learning, Machine Learning, Statistics, Scikit-learn.",Machine Learning,"NumPy, TensorFlow, Python, Pandas, Deep Learning, Machine Learning, Statistics, Scikit-learn"
"The role of Machine Learning Engineer involves train machine learning models. Applicants should be familiar with NumPy, Python, Scikit-learn, Pandas, Deep Learning, TensorFlow.",Machine Learning,"NumPy, Python, Scikit-learn, Pandas, Deep Learning, TensorFlow"
"Join our team as a Data Scientist. You will clean and preprocess data and work with technologies such as SQL, Python, Machine Learning, Pandas, Statistics, NumPy, Scikit-learn, Data Visualization.",Data Science,"SQL, Python, Machine Learning, Pandas, Statistics, NumPy, Scikit-learn, Data Visualization"
"Looking for a Cyber Security Intern to perform security assessments. The ideal candidate has knowledge of SIEM, Linux, Cryptography, Python, Network Security, Vulnerability Assessment.",Cyber Security,"SIEM, Linux, Cryptography, Python, Network Security, Vulnerability Assessment"
"The role of Data Scientist involves analyze datasets. Applicants should be familiar with Statistics, SQL, Data Visualization, Pandas, Machine Learning, NumPy.",Data Science,"Statistics, SQL, Data Visualization, Pandas, Machine Learning, NumPy"
"The role of Data Scientist involves analyze datasets. Applicants should be familiar with Scikit-learn, Pandas, Data Visualization, NumPy, SQL, Statistics.",Data Science,"Scikit-learn, Pandas, Data Visualization, NumPy, SQL, Statistics"
"The role of Security Engineer involves secure networks. Applicants should be familiar with Firewalls, Network Security, SIEM, Vulnerability Assessment, Cryptography, Ethical Hacking, Linux, Python.",Cyber Security,"Firewalls, Network Security, SIEM, Vulnerability Assessment, Cryptography, Ethical Hacking, Linux, Python"
"We are hiring a Machine Learning Intern who can optimize model performance. Required skills include Pandas, Statistics, Machine Learning, NumPy, Scikit-learn.",Machine Learning,"Pandas, Statistics, Machine Learning, NumPy, Scikit-learn"
"Join our team as a Cloud Engineer. You will deploy applications and work with technologies such as Docker, Networking, Git, Azure, CI/CD, AWS.",Cloud Computing,"Docker, Networking, Git, Azure, CI/CD, AWS"
"We are hiring a Machine Learning Engineer who can optimize model performance. Required skills include NumPy, TensorFlow, Machine Learning, Deep Learning, Statistics, Python.",Machine Learning,"NumPy, TensorFlow, Machine Learning, Deep Learning, Statistics, Python"
"Looking for a Web Development Intern to create user interfaces. The ideal candidate has knowledge of Git, HTML, React, REST API, CSS, MongoDB, JavaScript, Node.js.",Web Development,"Git, HTML, React, REST API, CSS, MongoDB, JavaScript, Node.js"
"We are hiring a Junior Data Scientist who can clean and preprocess data. Required skills include Python, Machine Learning, Data Visualization, SQL, NumPy, Pandas.",Data Science,"Python, Machine Learning, Data Visualization, SQL, NumPy, Pandas"
"The role of Database Engineer involves manage databases. Applicants should be familiar with SQL, PostgreSQL, MySQL, Database Design, Backup and Recovery, Performance Tuning, Oracle, Linux.",Database Administration,"SQL, PostgreSQL, MySQL, Database Design, Backup and Recovery, Performance Tuning, Oracle, Linux"
"Database Administrator required to design database schemas. Candidates should have experience with Linux, Performance Tuning, PostgreSQL, SQL, Backup and Recovery, Oracle, Database Design.",Database Administration,"Linux, Performance Tuning, PostgreSQL, SQL, Backup and Recovery, Oracle, Database Design"
"Join our team as a Machine Learning Engineer. You will prepare datasets and work with technologies such as Machine Learning, NumPy, Pandas, Statistics, Scikit-learn, Python, TensorFlow, Deep Learning.",Machine Learning,"Machine Learning, NumPy, Pandas, Statistics, Scikit-learn, Python, TensorFlow, Deep Learning"
"We are hiring a Information Security Analyst who can monitor security events. Required skills include SIEM, Python, Ethical Hacking, Vulnerability Assessment, Firewalls, Cryptography, Network Security.",Cyber Security,"SIEM, Python, Ethical Hacking, Vulnerability Assessment, Firewalls, Cryptography, Network Security"
"Machine Learning Intern required to prepare datasets. Candidates should have experience with Statistics, Pandas, Scikit-learn, Python, Machine Learning, Deep Learning.",Machine Learning,"Statistics, Pandas, Scikit-learn, Python, Machine Learning, Deep Learning"
"Join our team as a Cloud Computing Intern. You will manage cloud infrastructure and work with technologies such as Azure, Linux, Docker, Kubernetes, Networking, AWS, Git, CI/CD.",Cloud Computing,"Azure, Linux, Docker, Kubernetes, Networking, AWS, Git, CI/CD"
"The role of Machine Learning Intern involves optimize model performance. Applicants should be familiar with Pandas, Scikit-learn, Statistics, NumPy, TensorFlow.",Machine Learning,"Pandas, Scikit-learn, Statistics, NumPy, TensorFlow"
"Cyber Security Analyst required to respond to security incidents. Candidates should have experience with Vulnerability Assessment, Firewalls, Ethical Hacking, SIEM, Python, Network Security, Linux, Cryptography.",Cyber Security,"Vulnerability Assessment, Firewalls, Ethical Hacking, SIEM, Python, Network Security, Linux, Cryptography"
"The role of Cloud Developer involves configure scalable systems. Applicants should be familiar with Docker, AWS, Kubernetes, Networking, Azure, Git, Linux, CI/CD.",Cloud Computing,"Docker, AWS, Kubernetes, Networking, Azure, Git, Linux, CI/CD"
"The role of Cyber Security Analyst involves perform security assessments. Applicants should be familiar with SIEM, Python, Firewalls, Linux, Vulnerability Assessment.",Cyber Security,"SIEM, Python, Firewalls, Linux, Vulnerability Assessment"
"Web Development Intern required to integrate REST APIs. Candidates should have experience with MongoDB, Git, JavaScript, REST API, HTML, CSS, React, Node.js.",Web Development,"MongoDB, Git, JavaScript, REST API, HTML, CSS, React, Node.js"
"The role of Data Science Intern involves clean and preprocess data. Applicants should be familiar with Scikit-learn, Python, Machine Learning, NumPy, Statistics, Pandas, Data Visualization, SQL.",Data Science,"Scikit-learn, Python, Machine Learning, NumPy, Statistics, Pandas, Data Visualization, SQL"
"Looking for a Information Security Analyst to secure networks. The ideal candidate has knowledge of Vulnerability Assessment, SIEM, Firewalls, Network Security, Ethical Hacking, Python, Linux.",Cyber Security,"Vulnerability Assessment, SIEM, Firewalls, Network Security, Ethical Hacking, Python, Linux"
"The role of Full Stack Developer involves integrate REST APIs. Applicants should be familiar with CSS, HTML, MongoDB, Git, REST API, JavaScript, React.",Web Development,"CSS, HTML, MongoDB, Git, REST API, JavaScript, React"
"The role of Database Intern involves monitor database performance. Applicants should be familiar with Backup and Recovery, SQL, PostgreSQL, Linux, MySQL.",Database Administration,"Backup and Recovery, SQL, PostgreSQL, Linux, MySQL"
"The role of Database Administrator involves manage databases. Applicants should be familiar with Oracle, SQL, PostgreSQL, Performance Tuning, Backup and Recovery, Database Design.",Database Administration,"Oracle, SQL, PostgreSQL, Performance Tuning, Backup and Recovery, Database Design"
"Join our team as a Data Science Intern. You will perform statistical analysis and work with technologies such as Scikit-learn, Statistics, Pandas, Python, NumPy, Data Visualization, Machine Learning.",Data Science,"Scikit-learn, Statistics, Pandas, Python, NumPy, Data Visualization, Machine Learning"
"We are hiring a Junior Data Scientist who can clean and preprocess data. Required skills include Machine Learning, Statistics, Scikit-learn, Data Visualization, Pandas.",Data Science,"Machine Learning, Statistics, Scikit-learn, Data Visualization, Pandas"
"The role of Web Developer involves build responsive websites. Applicants should be familiar with React, MongoDB, Git, Node.js, REST API.",Web Development,"React, MongoDB, Git, Node.js, REST API"
"The role of Data Scientist involves perform statistical analysis. Applicants should be familiar with Scikit-learn, Python, Statistics, NumPy, Pandas, Machine Learning, SQL, Data Visualization.",Data Science,"Scikit-learn, Python, Statistics, NumPy, Pandas, Machine Learning, SQL, Data Visualization"
"Join our team as a Cyber Security Analyst. You will respond to security incidents and work with technologies such as Vulnerability Assessment, Ethical Hacking, Firewalls, Python, Cryptography, Network Security.",Cyber Security,"Vulnerability Assessment, Ethical Hacking, Firewalls, Python, Cryptography, Network Security"
"We are hiring a Cloud Engineer who can monitor cloud services. Required skills include Docker, Kubernetes, AWS, Linux, Git, Azure, CI/CD.",Cloud Computing,"Docker, Kubernetes, AWS, Linux, Git, Azure, CI/CD"
"Web Development Intern required to create user interfaces. Candidates should have experience with HTML, REST API, MongoDB, React, CSS, Node.js, JavaScript.",Web Development,"HTML, REST API, MongoDB, React, CSS, Node.js, JavaScript"
"The role of AI Engineer involves develop AI solutions. Applicants should be familiar with TensorFlow, Scikit-learn, NumPy, Machine Learning, Deep Learning.",Machine Learning,"TensorFlow, Scikit-learn, NumPy, Machine Learning, Deep Learning"
"We are hiring a Data Science Intern who can analyze datasets. Required skills include NumPy, Scikit-learn, Pandas, Python, SQL, Statistics, Data Visualization, Machine Learning.",Data Science,"NumPy, Scikit-learn, Pandas, Python, SQL, Statistics, Data Visualization, Machine Learning"
"We are hiring a DevOps Engineer who can automate deployment pipelines. Required skills include Docker, AWS, CI/CD, Networking, Azure, Git, Kubernetes, Linux.",Cloud Computing,"Docker, AWS, CI/CD, Networking, Azure, Git, Kubernetes, Linux"
"Machine Learning Intern required to optimize model performance. Candidates should have experience with Scikit-learn, Deep Learning, NumPy, TensorFlow, Pandas.",Machine Learning,"Scikit-learn, Deep Learning, NumPy, TensorFlow, Pandas"
"Looking for a ML Engineer to prepare datasets. The ideal candidate has knowledge of Machine Learning, Deep Learning, TensorFlow, Scikit-learn, Pandas, NumPy, Statistics, Python.",Machine Learning,"Machine Learning, Deep Learning, TensorFlow, Scikit-learn, Pandas, NumPy, Statistics, Python"
"Looking for a Security Engineer to identify vulnerabilities. The ideal candidate has knowledge of Ethical Hacking, Cryptography, Python, Linux, SIEM, Vulnerability Assessment, Network Security.",Cyber Security,"Ethical Hacking, Cryptography, Python, Linux, SIEM, Vulnerability Assessment, Network Security"
"Cyber Security Analyst required to monitor security events. Candidates should have experience with SIEM, Python, Firewalls, Ethical Hacking, Cryptography, Vulnerability Assessment, Network Security.",Cyber Security,"SIEM, Python, Firewalls, Ethical Hacking, Cryptography, Vulnerability Assessment, Network Security"
"Looking for a SQL Developer to manage databases. The ideal candidate has knowledge of Linux, Performance Tuning, Oracle, MySQL, Backup and Recovery, PostgreSQL, SQL, Database Design.",Database Administration,"Linux, Performance Tuning, Oracle, MySQL, Backup and Recovery, PostgreSQL, SQL, Database Design"
"Join our team as a ML Engineer. You will develop AI solutions and work with technologies such as Statistics, TensorFlow, Python, Pandas, Machine Learning, NumPy, Scikit-learn.",Machine Learning,"Statistics, TensorFlow, Python, Pandas, Machine Learning, NumPy, Scikit-learn"
"Join our team as a ML Engineer. You will train machine learning models and work with technologies such as Python, Statistics, Scikit-learn, Pandas, Machine Learning, Deep Learning.",Machine Learning,"Python, Statistics, Scikit-learn, Pandas, Machine Learning, Deep Learning"
"We are hiring a Frontend Developer who can build responsive websites. Required skills include JavaScript, HTML, Git, React, REST API, CSS.",Web Development,"JavaScript, HTML, Git, React, REST API, CSS"
"We are hiring a Information Security Analyst who can respond to security incidents. Required skills include SIEM, Cryptography, Firewalls, Vulnerability Assessment, Python, Ethical Hacking.",Cyber Security,"SIEM, Cryptography, Firewalls, Vulnerability Assessment, Python, Ethical Hacking"
"We are hiring a Cyber Security Analyst who can identify vulnerabilities. Required skills include SIEM, Linux, Vulnerability Assessment, Network Security, Firewalls, Python, Cryptography, Ethical Hacking.",Cyber Security,"SIEM, Linux, Vulnerability Assessment, Network Security, Firewalls, Python, Cryptography, Ethical Hacking"
"The role of Full Stack Developer involves build responsive websites. Applicants should be familiar with CSS, React, HTML, MongoDB, Node.js, JavaScript, REST API.",Web Development,"CSS, React, HTML, MongoDB, Node.js, JavaScript, REST API"
"We are hiring a Cloud Engineer who can monitor cloud services. Required skills include Networking, AWS, CI/CD, Docker, Linux, Git, Kubernetes, Azure.",Cloud Computing,"Networking, AWS, CI/CD, Docker, Linux, Git, Kubernetes, Azure"
"Join our team as a Junior Data Scientist. You will perform statistical analysis and work with technologies such as Statistics, Python, Data Visualization, Scikit-learn, Pandas.",Data Science,"Statistics, Python, Data Visualization, Scikit-learn, Pandas"
"The role of Database Intern involves optimize queries. Applicants should be familiar with Backup and Recovery, Performance Tuning, Oracle, Linux, SQL, PostgreSQL, Database Design.",Database Administration,"Backup and Recovery, Performance Tuning, Oracle, Linux, SQL, PostgreSQL, Database Design"
"Looking for a ML Data Analyst to perform statistical analysis. The ideal candidate has knowledge of Machine Learning, Data Visualization, Statistics, SQL, Scikit-learn, Python, NumPy, Pandas.",Data Science,"Machine Learning, Data Visualization, Statistics, SQL, Scikit-learn, Python, NumPy, Pandas"
"Looking for a ML Engineer to develop AI solutions. The ideal candidate has knowledge of Pandas, Deep Learning, TensorFlow, Scikit-learn, Statistics, Python, Machine Learning, NumPy.",Machine Learning,"Pandas, Deep Learning, TensorFlow, Scikit-learn, Statistics, Python, Machine Learning, NumPy"
"Join our team as a ML Data Analyst. You will perform statistical analysis and work with technologies such as Pandas, Scikit-learn, Data Visualization, Machine Learning, Python.",Data Science,"Pandas, Scikit-learn, Data Visualization, Machine Learning, Python"
"Join our team as a Database Engineer. You will monitor database performance and work with technologies such as PostgreSQL, Database Design, Oracle, Linux, Performance Tuning, Backup and Recovery.",Database Administration,"PostgreSQL, Database Design, Oracle, Linux, Performance Tuning, Backup and Recovery"
"Cyber Security Intern required to respond to security incidents. Candidates should have experience with Firewalls, Ethical Hacking, SIEM, Vulnerability Assessment, Python, Linux.",Cyber Security,"Firewalls, Ethical Hacking, SIEM, Vulnerability Assessment, Python, Linux"
"Cyber Security Analyst required to identify vulnerabilities. Candidates should have experience with Python, Firewalls, Network Security, Vulnerability Assessment, Linux, Cryptography.",Cyber Security,"Python, Firewalls, Network Security, Vulnerability Assessment, Linux, Cryptography"
"Join our team as a Cloud Computing Intern. You will deploy applications and work with technologies such as Networking, CI/CD, AWS, Kubernetes, Git, Docker, Linux.",Cloud Computing,"Networking, CI/CD, AWS, Kubernetes, Git, Docker, Linux"
"The role of Junior Data Scientist involves perform statistical analysis. Applicants should be familiar with Scikit-learn, NumPy, Machine Learning, Data Visualization, SQL, Pandas, Statistics, Python.",Data Science,"Scikit-learn, NumPy, Machine Learning, Data Visualization, SQL, Pandas, Statistics, Python"
"Cloud Developer required to manage cloud infrastructure. Candidates should have experience with CI/CD, AWS, Docker, Linux, Kubernetes.",Cloud Computing,"CI/CD, AWS, Docker, Linux, Kubernetes"
"Cloud Developer required to deploy applications. Candidates should have experience with Azure, CI/CD, Kubernetes, Networking, Linux, AWS.",Cloud Computing,"Azure, CI/CD, Kubernetes, Networking, Linux, AWS"
"Machine Learning Intern required to evaluate predictive algorithms. Candidates should have experience with NumPy, Pandas, Statistics, TensorFlow, Machine Learning, Deep Learning, Scikit-learn, Python.",Machine Learning,"NumPy, Pandas, Statistics, TensorFlow, Machine Learning, Deep Learning, Scikit-learn, Python"
"We are hiring a ML Data Analyst who can perform statistical analysis. Required skills include Scikit-learn, Python, NumPy, SQL, Pandas, Machine Learning, Statistics.",Data Science,"Scikit-learn, Python, NumPy, SQL, Pandas, Machine Learning, Statistics"
"Cloud Engineer required to monitor cloud services. Candidates should have experience with CI/CD, Networking, Kubernetes, Linux, Azure.",Cloud Computing,"CI/CD, Networking, Kubernetes, Linux, Azure"
"Join our team as a Cloud Engineer. You will monitor cloud services and work with technologies such as CI/CD, Git, Azure, AWS, Networking, Docker, Linux, Kubernetes.",Cloud Computing,"CI/CD, Git, Azure, AWS, Networking, Docker, Linux, Kubernetes"
"The role of AI Engineer involves train machine learning models. Applicants should be familiar with NumPy, Machine Learning, Deep Learning, Statistics, Pandas, Python, TensorFlow, Scikit-learn.",Machine Learning,"NumPy, Machine Learning, Deep Learning, Statistics, Pandas, Python, TensorFlow, Scikit-learn"
"Full Stack Developer required to build responsive websites. Candidates should have experience with JavaScript, Git, React, MongoDB, REST API, HTML, CSS, Node.js.",Web Development,"JavaScript, Git, React, MongoDB, REST API, HTML, CSS, Node.js"
"SQL Developer required to design database schemas. Candidates should have experience with Database Design, PostgreSQL, MySQL, Performance Tuning, Linux.",Database Administration,"Database Design, PostgreSQL, MySQL, Performance Tuning, Linux"
"We are hiring a Cyber Security Intern who can perform security assessments. Required skills include SIEM, Cryptography, Ethical Hacking, Firewalls, Linux, Network Security.",Cyber Security,"SIEM, Cryptography, Ethical Hacking, Firewalls, Linux, Network Security"
"Database Administrator required to manage databases. Candidates should have experience with Backup and Recovery, Linux, Oracle, MySQL, PostgreSQL, Performance Tuning, SQL, Database Design.",Database Administration,"Backup and Recovery, Linux, Oracle, MySQL, PostgreSQL, Performance Tuning, SQL, Database Design"
"Database Administrator required to perform backups. Candidates should have experience with Database Design, SQL, PostgreSQL, MySQL, Linux, Oracle, Backup and Recovery, Performance Tuning.",Database Administration,"Database Design, SQL, PostgreSQL, MySQL, Linux, Oracle, Backup and Recovery, Performance Tuning"
"Looking for a Machine Learning Engineer to optimize model performance. The ideal candidate has knowledge of Statistics, NumPy, Pandas, TensorFlow, Scikit-learn, Deep Learning, Python, Machine Learning.",Machine Learning,"Statistics, NumPy, Pandas, TensorFlow, Scikit-learn, Deep Learning, Python, Machine Learning"
"Database Administrator required to design database schemas. Candidates should have experience with Backup and Recovery, Oracle, PostgreSQL, MySQL, Performance Tuning, SQL.",Database Administration,"Backup and Recovery, Oracle, PostgreSQL, MySQL, Performance Tuning, SQL"
"Join our team as a Frontend Developer. You will develop web applications and work with technologies such as CSS, MongoDB, HTML, React, JavaScript, REST API, Node.js.",Web Development,"CSS, MongoDB, HTML, React, JavaScript, REST API, Node.js"
"Join our team as a Information Security Analyst. You will respond to security incidents and work with technologies such as Firewalls, Vulnerability Assessment, Python, SIEM, Ethical Hacking, Linux, Cryptography.",Cyber Security,"Firewalls, Vulnerability Assessment, Python, SIEM, Ethical Hacking, Linux, Cryptography"
"Database Intern required to perform backups. Candidates should have experience with Linux, Performance Tuning, Database Design, PostgreSQL, Backup and Recovery, MySQL.",Database Administration,"Linux, Performance Tuning, Database Design, PostgreSQL, Backup and Recovery, MySQL"
"We are hiring a Data Scientist who can perform statistical analysis. Required skills include Python, Statistics, Data Visualization, Pandas, Machine Learning.",Data Science,"Python, Statistics, Data Visualization, Pandas, Machine Learning"
"We are hiring a Security Engineer who can secure networks. Required skills include SIEM, Firewalls, Cryptography, Vulnerability Assessment, Ethical Hacking, Network Security, Python.",Cyber Security,"SIEM, Firewalls, Cryptography, Vulnerability Assessment, Ethical Hacking, Network Security, Python"
"Join our team as a Database Engineer. You will monitor database performance and work with technologies such as Backup and Recovery, SQL, MySQL, PostgreSQL, Linux, Performance Tuning, Database Design.",Database Administration,"Backup and Recovery, SQL, MySQL, PostgreSQL, Linux, Performance Tuning, Database Design"
"We are hiring a Machine Learning Intern who can optimize model performance. Required skills include Statistics, Pandas, NumPy, Scikit-learn, Deep Learning, Machine Learning.",Machine Learning,"Statistics, Pandas, NumPy, Scikit-learn, Deep Learning, Machine Learning"
"Data Scientist required to analyze datasets. Candidates should have experience with SQL, Python, Statistics, Data Visualization, NumPy, Pandas, Machine Learning, Scikit-learn.",Data Science,"SQL, Python, Statistics, Data Visualization, NumPy, Pandas, Machine Learning, Scikit-learn"
"We are hiring a Cloud Developer who can automate deployment pipelines. Required skills include Docker, CI/CD, Git, Networking, AWS.",Cloud Computing,"Docker, CI/CD, Git, Networking, AWS"
"Looking for a Information Security Analyst to identify vulnerabilities. The ideal candidate has knowledge of Ethical Hacking, Firewalls, SIEM, Linux, Python, Cryptography, Vulnerability Assessment, Network Security.",Cyber Security,"Ethical Hacking, Firewalls, SIEM, Linux, Python, Cryptography, Vulnerability Assessment, Network Security"
"The role of Frontend Developer involves integrate REST APIs. Applicants should be familiar with Git, CSS, HTML, JavaScript, Node.js.",Web Development,"Git, CSS, HTML, JavaScript, Node.js"
"The role of Machine Learning Engineer involves evaluate predictive algorithms. Applicants should be familiar with Machine Learning, Statistics, Pandas, Deep Learning, TensorFlow, Scikit-learn.",Machine Learning,"Machine Learning, Statistics, Pandas, Deep Learning, TensorFlow, Scikit-learn"
"Full Stack Developer required to integrate REST APIs. Candidates should have experience with JavaScript, React, Node.js, MongoDB, Git, REST API, CSS.",Web Development,"JavaScript, React, Node.js, MongoDB, Git, REST API, CSS"
"Join our team as a DevOps Engineer. You will monitor cloud services and work with technologies such as AWS, Networking, Azure, Git, Docker.",Cloud Computing,"AWS, Networking, Azure, Git, Docker"
"Information Security Analyst required to perform security assessments. Candidates should have experience with Network Security, Vulnerability Assessment, Firewalls, Python, Ethical Hacking, SIEM, Cryptography, Linux.",Cyber Security,"Network Security, Vulnerability Assessment, Firewalls, Python, Ethical Hacking, SIEM, Cryptography, Linux"
"Security Engineer required to perform security assessments. Candidates should have experience with Network Security, Vulnerability Assessment, Firewalls, Linux, Ethical Hacking, Cryptography, SIEM, Python.",Cyber Security,"Network Security, Vulnerability Assessment, Firewalls, Linux, Ethical Hacking, Cryptography, SIEM, Python"
"Cloud Developer required to configure scalable systems. Candidates should have experience with Azure, AWS, Git, Docker, Kubernetes, Linux.",Cloud Computing,"Azure, AWS, Git, Docker, Kubernetes, Linux"
"DevOps Engineer required to monitor cloud services. Candidates should have experience with Networking, AWS, Azure, Docker, CI/CD, Kubernetes, Linux, Git.",Cloud Computing,"Networking, AWS, Azure, Docker, CI/CD, Kubernetes, Linux, Git"
"We are hiring a Full Stack Developer who can develop web applications. Required skills include HTML, CSS, React, Node.js, MongoDB, Git, JavaScript.",Web Development,"HTML, CSS, React, Node.js, MongoDB, Git, JavaScript"
"Looking for a Data Scientist to create dashboards. The ideal candidate has knowledge of Data Visualization, NumPy, Scikit-learn, Python, SQL, Pandas, Machine Learning.",Data Science,"Data Visualization, NumPy, Scikit-learn, Python, SQL, Pandas, Machine Learning"
"We are hiring a DevOps Engineer who can automate deployment pipelines. Required skills include AWS, Git, CI/CD, Azure, Linux.",Cloud Computing,"AWS, Git, CI/CD, Azure, Linux"
"The role of Junior Data Scientist involves analyze datasets. Applicants should be familiar with NumPy, Data Visualization, Machine Learning, Python, SQL, Scikit-learn.",Data Science,"NumPy, Data Visualization, Machine Learning, Python, SQL, Scikit-learn"
"Cyber Security Analyst required to secure networks. Candidates should have experience with Ethical Hacking, SIEM, Python, Vulnerability Assessment, Cryptography, Firewalls, Network Security, Linux.",Cyber Security,"Ethical Hacking, SIEM, Python, Vulnerability Assessment, Cryptography, Firewalls, Network Security, Linux"
"Cloud Developer required to deploy applications. Candidates should have experience with Kubernetes, Git, Linux, Azure, Networking, CI/CD, Docker.",Cloud Computing,"Kubernetes, Git, Linux, Azure, Networking, CI/CD, Docker"
"Machine Learning Intern required to prepare datasets. Candidates should have experience with Statistics, TensorFlow, Python, Deep Learning, Scikit-learn, Pandas, NumPy, Machine Learning.",Machine Learning,"Statistics, TensorFlow, Python, Deep Learning, Scikit-learn, Pandas, NumPy, Machine Learning"
"Join our team as a Information Security Analyst. You will identify vulnerabilities and work with technologies such as SIEM, Cryptography, Network Security, Python, Vulnerability Assessment, Ethical Hacking.",Cyber Security,"SIEM, Cryptography, Network Security, Python, Vulnerability Assessment, Ethical Hacking"
"Web Developer required to build responsive websites. Candidates should have experience with REST API, JavaScript, Git, MongoDB, Node.js, HTML, CSS.",Web Development,"REST API, JavaScript, Git, MongoDB, Node.js, HTML, CSS"
"The role of Data Science Intern involves build predictive models. Applicants should be familiar with Machine Learning, Scikit-learn, SQL, Pandas, Data Visualization, NumPy.",Data Science,"Machine Learning, Scikit-learn, SQL, Pandas, Data Visualization, NumPy"
"Junior Data Scientist required to create dashboards. Candidates should have experience with Machine Learning, Python, Statistics, Data Visualization, NumPy, SQL.",Data Science,"Machine Learning, Python, Statistics, Data Visualization, NumPy, SQL"
"The role of Full Stack Developer involves maintain web applications. Applicants should be familiar with Node.js, MongoDB, HTML, React, JavaScript.",Web Development,"Node.js, MongoDB, HTML, React, JavaScript"
"Looking for a Machine Learning Engineer to evaluate predictive algorithms. The ideal candidate has knowledge of Deep Learning, Machine Learning, Scikit-learn, Statistics, TensorFlow, NumPy, Python, Pandas.",Machine Learning,"Deep Learning, Machine Learning, Scikit-learn, Statistics, TensorFlow, NumPy, Python, Pandas"
"We are hiring a Information Security Analyst who can perform security assessments. Required skills include SIEM, Firewalls, Ethical Hacking, Python, Network Security, Cryptography.",Cyber Security,"SIEM, Firewalls, Ethical Hacking, Python, Network Security, Cryptography"
"Frontend Developer required to build responsive websites. Candidates should have experience with Node.js, REST API, CSS, MongoDB, JavaScript, HTML, React, Git.",Web Development,"Node.js, REST API, CSS, MongoDB, JavaScript, HTML, React, Git"
